team,season,season_end_year,wins,losses,win_pct,player_1,rating_1,rating_source_1,position_1,position_source_1,player_2,rating_2,rating_source_2,position_2,position_source_2,player_3,rating_3,rating_source_3,position_3,position_source_3,player_4,rating_4,rating_source_4,position_4,position_source_4,player_5,rating_5,rating_source_5,position_5,position_source_5,player_6,rating_6,rating_source_6,position_6,position_source_6,player_7,rating_7,rating_source_7,position_7,position_source_7,player_8,rating_8,rating_source_8,position_8,position_source_8,player_9,rating_9,rating_source_9,position_9,position_source_9,player_10,rating_10,rating_source_10,position_10,position_source_10,roster_snapshot
Atlanta Hawks,2016-17,2017,43,39,0.5243902,Paul Millsap,86,hoopshype_edition,PF,espn_opening_boxscore,Dwight Howard,84,hoopshype_edition,C,espn_opening_boxscore,Kent Bazemore,78,hoopshype_edition,SF,espn_opening_boxscore,Dennis Schroder,76,hoopshype_edition,G,espn_opening_boxscore,Kyle Korver,76,hoopshype_edition,G,espn_opening_boxscore,Thabo Sefolosha,75,hoopshype_edition,F,espn_opening_boxscore,Kris Humphries,73,hoopshype_edition,PF,espn_opening_boxscore,Mike Muscala,72,hoopshype_edition,C,espn_opening_boxscore,Taurean Prince,71,hoopshype_edition,F,espn_opening_boxscore,Tim Hardaway Jr.,71,hoopshype_edition,G,espn_opening_boxscore,opening_night
Boston Celtics,2016-17,2017,53,29,0.64634144,Al Horford,85,hoopshype_edition,C,espn_opening_boxscore,Isaiah Thomas,85,hoopshype_edition,G,espn_opening_boxscore,Avery Bradley,82,hoopshype_edition,PG,espn_opening_boxscore,Jae Crowder,81,hoopshype_edition,PF,espn_opening_boxscore,Amir Johnson,76,hoopshype_edition,F,espn_opening_boxscore,Jaylen Brown,74,hoopshype_edition,G,espn_opening_boxscore,Tyler Zeller,74,hoopshype_edition,C,espn_opening_boxscore,Gerald Green,73,hoopshype_edition,G,espn_opening_boxscore,Jonas Jerebko,73,hoopshype_edition,F,espn_opening_boxscore,Jordan Mickey,71,hoopshype_edition,F,espn_opening_boxscore,opening_night
Brooklyn Nets,2016-17,2017,20,62,0.24390244,Brook Lopez,81,hoopshype_edition,C,espn_opening_boxscore,Bojan Bogdanovic,76,hoopshype_edition,SF,espn_opening_boxscore,Jeremy Lin,76,hoopshype_edition,G,espn_opening_boxscore,Luis Scola,74,hoopshype_edition,F,espn_opening_boxscore,Trevor Booker,73,hoopshype_edition,F,espn_opening_boxscore,Rondae Hollis-Jefferson,72,hoopshype_edition,SF,espn_opening_boxscore,Greivis Vasquez,71,hoopshype_edition,PG,espn_opening_boxscore,Sean Kilpatrick,71,hoopshype_edition,G,espn_opening_boxscore,Anthony Bennett,70,hoopshype_edition,F,espn_opening_boxscore,Chris McCullough,69,hoopshype_edition,F,espn_opening_boxscore,opening_night
Charlotte Hornets,2016-17,2017,36,46,0.4390244,Kemba Walker,85,hoopshype_edition,PG,espn_opening_boxscore,Michael Kidd-Gilchrist,79,hoopshype_edition,F,espn_opening_boxscore,Nicolas Batum,79,hoopshype_edition,F,espn_opening_boxscore,Marvin Williams,78,hoopshype_edition,F,espn_opening_boxscore,Cody Zeller,76,hoopshype_edition,C,espn_opening_boxscore,Jeremy Lamb,74,hoopshype_edition,SG,espn_opening_boxscore,Ramon Sessions,74,hoopshype_edition,G,espn_opening_boxscore,Roy Hibbert,74,hoopshype_edition,C,espn_opening_boxscore,Marco Belinelli,72,hoopshype_edition,G,espn_opening_boxscore,Spencer Hawes,72,hoopshype_edition,PF,espn_opening_boxscore,opening_night
Chicago Bulls,2016-17,2017,41,41,0.5,Jimmy Butler,88,hoopshype_edition,F,espn_opening_boxscore,Dwyane Wade,87,hoopshype_edition,G,espn_opening_boxscore,Rajon Rondo,81,hoopshype_edition,PG,espn_opening_boxscore,Robin Lopez,77,hoopshype_edition,C,espn_opening_boxscore,Nikola Mirotic,76,hoopshype_edition,F,espn_opening_boxscore,Taj Gibson,76,hoopshype_edition,F,espn_opening_boxscore,Michael Carter-Williams,75,hoopshype_edition,G,espn_opening_boxscore,Bobby Portis,74,hoopshype_edition,F,espn_opening_boxscore,Doug McDermott,74,hoopshype_edition,F,espn_opening_boxscore,Denzel Valentine,72,hoopshype_edition,G,espn_opening_boxscore,opening_night
Cleveland Cavaliers,2016-17,2017,51,31,0.6219512,LeBron James,96,hoopshype_edition,F,espn_opening_boxscore,Kyrie Irving,89,hoopshype_edition,G,espn_opening_boxscore,Kevin Love,82,hoopshype_edition,F,espn_opening_boxscore,Tristan Thompson,81,hoopshype_edition,C,espn_opening_boxscore,Channing Frye,74,hoopshype_edition,F,espn_opening_boxscore,Iman Shumpert,74,hoopshype_edition,G,espn_opening_boxscore,Richard Jefferson,74,hoopshype_edition,F,espn_opening_boxscore,Chris Andersen,73,hoopshype_edition,PF,espn_opening_boxscore,Mike Dunleavy,73,hoopshype_edition,SG,espn_opening_boxscore,Jordan McRae,70,hoopshype_edition,G,espn_opening_boxscore,opening_night
Dallas Mavericks,2016-17,2017,33,49,0.40243903,Dirk Nowitzki,84,hoopshype_edition,F,espn_opening_boxscore,Harrison Barnes,79,hoopshype_edition,F,espn_opening_boxscore,Wesley Matthews,78,hoopshype_edition,SG,espn_opening_boxscore,Andrew Bogut,77,hoopshype_edition,C,espn_opening_boxscore,Deron Williams,76,hoopshype_edition,PG,espn_opening_boxscore,Dwight Powell,74,hoopshype_edition,F,espn_opening_boxscore,Salah Mejri,73,hoopshype_edition,C,espn_opening_boxscore,Justin Anderson,72,hoopshype_edition,F,espn_opening_boxscore,Quincy Acy,72,hoopshype_edition,F,espn_opening_boxscore,Seth Curry,72,hoopshype_edition,G,espn_opening_boxscore,opening_night
Denver Nuggets,2016-17,2017,40,42,0.4878049,Danilo Gallinari,80,hoopshype_edition,PF,espn_opening_boxscore,Kenneth Faried,80,hoopshype_edition,F,espn_opening_boxscore,Nikola Jokic,79,hoopshype_edition,C,espn_opening_boxscore,Will Barton,78,hoopshype_edition,G,espn_opening_boxscore,Emmanuel Mudiay,76,hoopshype_edition,G,espn_opening_boxscore,Wilson Chandler,76,hoopshype_edition,F,espn_opening_boxscore,Jamal Murray,75,hoopshype_edition,G,espn_opening_boxscore,Jusuf Nurkic,75,hoopshype_edition,C,espn_opening_boxscore,Jameer Nelson,72,hoopshype_edition,G,espn_opening_boxscore,Mike Miller,70,hoopshype_edition,SG,espn_opening_boxscore,opening_night
Detroit Pistons,2016-17,2017,37,45,0.4512195,Andre Drummond,87,hoopshype_edition,C,espn_opening_boxscore,Kentavious Caldwell-Pope,79,hoopshype_edition,G,espn_opening_boxscore,Tobias Harris,78,hoopshype_edition,F,espn_opening_boxscore,Marcus Morris Sr.,76,hoopshype_edition,F,espn_opening_boxscore,Aron Baynes,75,hoopshype_edition,C,espn_opening_boxscore,Boban Marjanovic,75,hoopshype_edition,C,espn_opening_boxscore,Jon Leuer,75,hoopshype_edition,F,espn_opening_boxscore,Stanley Johnson,75,hoopshype_edition,SF,espn_opening_boxscore,Beno Udrih,72,hoopshype_edition,PG,espn_opening_boxscore,Henry Ellenson,70,hoopshype_edition,PF,espn_opening_boxscore,opening_night
Golden State Warriors,2016-17,2017,67,15,0.81707317,Stephen Curry,94,hoopshype_edition,G,espn_opening_boxscore,Kevin Durant,93,hoopshype_edition,F,espn_opening_boxscore,Draymond Green,90,hoopshype_edition,F,espn_opening_boxscore,Klay Thompson,90,hoopshype_edition,G,espn_opening_boxscore,Andre Iguodala,81,hoopshype_edition,F,espn_opening_boxscore,Shaun Livingston,76,hoopshype_edition,G,espn_opening_boxscore,Zaza Pachulia,76,hoopshype_edition,C,espn_opening_boxscore,David West,75,hoopshype_edition,F,espn_opening_boxscore,Anderson Varejao,73,hoopshype_edition,C,espn_opening_boxscore,JaVale McGee,72,hoopshype_edition,C,espn_opening_boxscore,opening_night
Houston Rockets,2016-17,2017,55,27,0.6707317,James Harden,90,hoopshype_edition,G,espn_opening_boxscore,Ryan Anderson,79,hoopshype_edition,PF,espn_opening_boxscore,Clint Capela,77,hoopshype_edition,C,espn_opening_boxscore,Eric Gordon,77,hoopshype_edition,G,espn_opening_boxscore,Trevor Ariza,77,hoopshype_edition,SF,espn_opening_boxscore,Corey Brewer,73,hoopshype_edition,F,espn_opening_boxscore,Montrezl Harrell,70,hoopshype_edition,C,espn_opening_boxscore,Sam Dekker,70,hoopshype_edition,F,espn_opening_boxscore,Tyler Ennis,70,hoopshype_edition,G,espn_opening_boxscore,Bobby Brown,65,hoopshype_edition_floor_unrated,PG,espn_opening_boxscore,opening_night
Indiana Pacers,2016-17,2017,42,40,0.5121951,Paul George,89,hoopshype_edition,F,espn_opening_boxscore,Al Jefferson,79,hoopshype_edition,C,espn_opening_boxscore,Jeff Teague,79,hoopshype_edition,PG,espn_opening_boxscore,Thaddeus Young,79,hoopshype_edition,F,espn_opening_boxscore,Myles Turner,78,hoopshype_edition,C,espn_opening_boxscore,Monta Ellis,77,hoopshype_edition,SG,espn_opening_boxscore,Rodney Stuckey,74,hoopshype_edition,PG,espn_opening_boxscore,Aaron Brooks,73,hoopshype_edition,G,espn_opening_boxscore,Lavoy Allen,72,hoopshype_edition,F,espn_opening_boxscore,Glenn Robinson III,70,hoopshype_edition,F,espn_opening_boxscore,opening_night
Los Angeles Clippers,2016-17,2017,51,31,0.6219512,Chris Paul,91,hoopshype_edition,G,espn_opening_boxscore,Blake Griffin,87,hoopshype_edition,PF,espn_opening_boxscore,DeAndre Jordan,85,hoopshype_edition,C,espn_opening_boxscore,JJ Redick,78,hoopshype_edition,SG,espn_opening_boxscore,Jamal Crawford,77,hoopshype_edition,G,espn_opening_boxscore,Marreese Speights,75,hoopshype_edition,F,espn_opening_boxscore,Austin Rivers,74,hoopshype_edition,SG,espn_opening_boxscore,Brandon Bass,74,hoopshype_edition,PF,espn_opening_boxscore,Raymond Felton,74,hoopshype_edition,G,espn_opening_boxscore,Luc Mbah a Moute,73,hoopshype_edition,F,espn_opening_boxscore,opening_night
Los Angeles Lakers,2016-17,2017,26,56,0.31707317,D'Angelo Russell,79,hoopshype_edition,G,espn_opening_boxscore,Brandon Ingram,78,hoopshype_edition,F,espn_opening_boxscore,Luol Deng,78,hoopshype_edition,F,espn_opening_boxscore,Jordan Clarkson,77,hoopshype_edition,G,espn_opening_boxscore,Julius Randle,77,hoopshype_edition,F,espn_opening_boxscore,Larry Nance Jr.,75,hoopshype_edition,F,espn_opening_boxscore,Timofey Mozgov,75,hoopshype_edition,C,espn_opening_boxscore,Nick Young,70,hoopshype_edition,G,espn_opening_boxscore,Tarik Black,70,hoopshype_edition,F,espn_opening_boxscore,Lou Williams,65,hoopshype_edition_floor_unrated,SG,espn_opening_boxscore,opening_night
Memphis Grizzlies,2016-17,2017,43,39,0.5243902,Marc Gasol,85,hoopshype_edition,C,espn_opening_boxscore,Mike Conley,85,hoopshype_edition,G,espn_opening_boxscore,Zach Randolph,80,hoopshype_edition,F,espn_opening_boxscore,Tony Allen,78,hoopshype_edition,SG,espn_opening_boxscore,Vince Carter,74,hoopshype_edition,G,espn_opening_boxscore,JaMychal Green,73,hoopshype_edition,F,espn_opening_boxscore,James Ennis III,71,hoopshype_edition,F,espn_opening_boxscore,Troy Daniels,70,hoopshype_edition,G,espn_opening_boxscore,Deyonta Davis,69,hoopshype_edition,F,espn_opening_boxscore,Jarell Martin,69,hoopshype_edition,F,espn_opening_boxscore,opening_night
Miami Heat,2016-17,2017,41,41,0.5,Hassan Whiteside,85,hoopshype_edition,C,espn_opening_boxscore,Goran Dragic,78,hoopshype_edition,PG,espn_opening_boxscore,Justise Winslow,77,hoopshype_edition,PF,espn_opening_boxscore,Josh Richardson,75,hoopshype_edition,SG,espn_opening_boxscore,Tyler Johnson,75,hoopshype_edition,G,espn_opening_boxscore,Derrick Williams,73,hoopshype_edition,PF,espn_opening_boxscore,Dion Waiters,73,hoopshype_edition,G,espn_opening_boxscore,James Johnson,72,hoopshype_edition,PF,espn_opening_boxscore,Josh McRoberts,71,hoopshype_edition,PF,espn_opening_boxscore,Udonis Haslem,70,hoopshype_edition,PF,espn_opening_boxscore,opening_night
Milwaukee Bucks,2016-17,2017,42,40,0.5121951,Giannis Antetokounmpo,83,hoopshype_edition,F,espn_opening_boxscore,Greg Monroe,79,hoopshype_edition,C,espn_opening_boxscore,Jabari Parker,78,hoopshype_edition,PF,espn_opening_boxscore,John Henson,76,hoopshype_edition,F,espn_opening_boxscore,Mirza Teletovic,76,hoopshype_edition,PF,espn_opening_boxscore,Matthew Dellavedova,75,hoopshype_edition,G,espn_opening_boxscore,Michael Beasley,75,hoopshype_edition,F,espn_opening_boxscore,Miles Plumlee,73,hoopshype_edition,C,espn_opening_boxscore,Steve Novak,72,hoopshype_edition,SF,espn_opening_boxscore,Jason Terry,71,hoopshype_edition,G,espn_opening_boxscore,opening_night
Minnesota Timberwolves,2016-17,2017,31,51,0.37804878,Karl-Anthony Towns,88,hoopshype_edition,C,espn_opening_boxscore,Andrew Wiggins,82,hoopshype_edition,F,espn_opening_boxscore,Zach LaVine,78,hoopshype_edition,G,espn_opening_boxscore,Gorgui Dieng,77,hoopshype_edition,C,espn_opening_boxscore,Kris Dunn,77,hoopshype_edition,G,espn_opening_boxscore,Ricky Rubio,77,hoopshype_edition,PG,espn_opening_boxscore,Jordan Hill,76,hoopshype_edition,C,espn_opening_boxscore,Cole Aldrich,74,hoopshype_edition,C,espn_opening_boxscore,Shabazz Muhammad,73,hoopshype_edition,F,espn_opening_boxscore,Brandon Rush,72,hoopshype_edition,F,espn_opening_boxscore,opening_night
New Orleans Pelicans,2016-17,2017,34,48,0.41463414,Anthony Davis,90,hoopshype_edition,F,espn_opening_boxscore,Lance Stephenson,86,hoopshype_edition,G,espn_opening_boxscore,Jrue Holiday,79,hoopshype_edition,G,espn_opening_boxscore,Buddy Hield,75,hoopshype_edition,G,espn_opening_boxscore,Omer Asik,75,hoopshype_edition,C,espn_opening_boxscore,E'Twaun Moore,74,hoopshype_edition,G,espn_opening_boxscore,Solomon Hill,74,hoopshype_edition,SF,espn_opening_boxscore,Terrence Jones,74,hoopshype_edition,PF,espn_opening_boxscore,Alexis Ajinca,73,hoopshype_edition,C,espn_opening_boxscore,Dante Cunningham,71,hoopshype_edition,F,espn_opening_boxscore,opening_night
New York Knicks,2016-17,2017,31,51,0.37804878,Carmelo Anthony,88,hoopshype_edition,PF,espn_opening_boxscore,Kristaps Porzingis,81,hoopshype_edition,C,espn_opening_boxscore,Derrick Rose,80,hoopshype_edition,PG,espn_opening_boxscore,Joakim Noah,77,hoopshype_edition,C,espn_opening_boxscore,Courtney Lee,76,hoopshype_edition,G,espn_opening_boxscore,Kyle O'Quinn,76,hoopshype_edition,C,espn_opening_boxscore,Brandon Jennings,75,hoopshype_edition,G,espn_opening_boxscore,Mindaugas Kuzminskas,73,hoopshype_edition,F,espn_opening_boxscore,Lance Thomas,72,hoopshype_edition,F,espn_opening_boxscore,Justin Holiday,70,hoopshype_edition,F,espn_opening_boxscore,opening_night
Oklahoma City Thunder,2016-17,2017,47,35,0.5731707,Russell Westbrook,93,hoopshype_edition,G,espn_opening_boxscore,Steven Adams,81,hoopshype_edition,C,espn_opening_boxscore,Victor Oladipo,79,hoopshype_edition,SG,espn_opening_boxscore,Ersan Ilyasova,75,hoopshype_edition,PF,espn_opening_boxscore,Joffrey Lauvergne,75,hoopshype_edition,F,espn_opening_boxscore,Andre Roberson,74,hoopshype_edition,F,espn_opening_boxscore,Anthony Morrow,73,hoopshype_edition,SG,espn_opening_boxscore,Cameron Payne,73,hoopshype_edition,PG,espn_opening_boxscore,Nick Collison,72,hoopshype_edition,F,espn_opening_boxscore,Domantas Sabonis,71,hoopshype_edition,F,espn_opening_boxscore,opening_night
Orlando Magic,2016-17,2017,29,53,0.35365853,Nikola Vucevic,80,hoopshype_edition,C,espn_opening_boxscore,Serge Ibaka,79,hoopshype_edition,F,espn_opening_boxscore,Evan Fournier,78,hoopshype_edition,SG,espn_opening_boxscore,Bismack Biyombo,77,hoopshype_edition,C,espn_opening_boxscore,Aaron Gordon,76,hoopshype_edition,F,espn_opening_boxscore,Jeff Green,76,hoopshype_edition,F,espn_opening_boxscore,Elfrid Payton,75,hoopshype_edition,G,espn_opening_boxscore,Mario Hezonja,74,hoopshype_edition,F,espn_opening_boxscore,CJ Wilcox,68,hoopshype_edition,G,espn_opening_boxscore,Damjan Rudez,66,hoopshype_edition,SF,espn_opening_boxscore,opening_night
Philadelphia 76ers,2016-17,2017,28,54,0.34146342,Jahlil Okafor,79,hoopshype_edition,C,espn_opening_boxscore,Joel Embiid,77,hoopshype_edition,C,espn_opening_boxscore,Robert Covington,76,hoopshype_edition,PF,espn_opening_boxscore,Dario Saric,75,hoopshype_edition,F,espn_opening_boxscore,Gerald Henderson,74,hoopshype_edition,SG,espn_opening_boxscore,Sergio Rodriguez,74,hoopshype_edition,G,espn_opening_boxscore,Jerami Grant,73,hoopshype_edition,F,espn_opening_boxscore,T.J. McConnell,73,hoopshype_edition,G,espn_opening_boxscore,Hollis Thompson,72,hoopshype_edition,F,espn_opening_boxscore,Richaun Holmes,70,hoopshype_edition,F,espn_opening_boxscore,opening_night
Phoenix Suns,2016-17,2017,24,58,0.29268292,Eric Bledsoe,85,hoopshype_edition,SG,espn_opening_boxscore,Brandon Knight,78,hoopshype_edition,PG,espn_opening_boxscore,Devin Booker,78,hoopshype_edition,G,espn_opening_boxscore,Jared Dudley,76,hoopshype_edition,SF,espn_opening_boxscore,Alex Len,75,hoopshype_edition,C,espn_opening_boxscore,P.J. Tucker,75,hoopshype_edition,PF,espn_opening_boxscore,Tyson Chandler,74,hoopshype_edition,C,espn_opening_boxscore,Leandro Barbosa,73,hoopshype_edition,G,espn_opening_boxscore,Dragan Bender,72,hoopshype_edition,F,espn_opening_boxscore,Marquese Chriss,71,hoopshype_edition,SF,espn_opening_boxscore,opening_night
Portland Trail Blazers,2016-17,2017,41,41,0.5,Damian Lillard,89,hoopshype_edition,G,espn_opening_boxscore,CJ McCollum,83,hoopshype_edition,G,espn_opening_boxscore,Mason Plumlee,78,hoopshype_edition,C,espn_opening_boxscore,Al-Farouq Aminu,77,hoopshype_edition,SF,espn_opening_boxscore,Ed Davis,77,hoopshype_edition,C,espn_opening_boxscore,Evan Turner,77,hoopshype_edition,G,espn_opening_boxscore,Allen Crabbe,75,hoopshype_edition,G,espn_opening_boxscore,Meyers Leonard,72,hoopshype_edition,C,espn_opening_boxscore,Noah Vonleh,70,hoopshype_edition,PF,espn_opening_boxscore,Shabazz Napier,70,hoopshype_edition,G,espn_opening_boxscore,opening_night
Sacramento Kings,2016-17,2017,32,50,0.3902439,DeMarcus Cousins,90,hoopshype_edition,C,espn_opening_boxscore,Rudy Gay,80,hoopshype_edition,SF,espn_opening_boxscore,Darren Collison,77,hoopshype_edition,PG,espn_opening_boxscore,Arron Afflalo,76,hoopshype_edition,G,espn_opening_boxscore,Garrett Temple,74,hoopshype_edition,G,espn_opening_boxscore,Kosta Koufos,74,hoopshype_edition,C,espn_opening_boxscore,Matt Barnes,74,hoopshype_edition,SF,espn_opening_boxscore,Omri Casspi,73,hoopshype_edition,F,espn_opening_boxscore,Ty Lawson,73,hoopshype_edition,G,espn_opening_boxscore,Ben McLemore,72,hoopshype_edition,SG,espn_opening_boxscore,opening_night
San Antonio Spurs,2016-17,2017,61,21,0.74390244,Kawhi Leonard,93,hoopshype_edition,F,espn_opening_boxscore,LaMarcus Aldridge,88,hoopshype_edition,C,espn_opening_boxscore,Pau Gasol,84,hoopshype_edition,PF,espn_opening_boxscore,Tony Parker,80,hoopshype_edition,G,espn_opening_boxscore,Manu Ginobili,79,hoopshype_edition,G,espn_opening_boxscore,Patty Mills,75,hoopshype_edition,PG,espn_opening_boxscore,David Lee,74,hoopshype_edition,PF,espn_opening_boxscore,Dewayne Dedmon,74,hoopshype_edition,C,espn_opening_boxscore,Kyle Anderson,74,hoopshype_edition,F,espn_opening_boxscore,Davis Bertans,70,hoopshype_edition,SF,espn_opening_boxscore,opening_night
Toronto Raptors,2016-17,2017,51,31,0.6219512,DeMar DeRozan,87,hoopshype_edition,G,espn_opening_boxscore,Kyle Lowry,86,hoopshype_edition,G,espn_opening_boxscore,Jonas Valanciunas,82,hoopshype_edition,C,espn_opening_boxscore,DeMarre Carroll,76,hoopshype_edition,F,espn_opening_boxscore,Patrick Patterson,76,hoopshype_edition,PF,espn_opening_boxscore,Cory Joseph,75,hoopshype_edition,PG,espn_opening_boxscore,Terrence Ross,75,hoopshype_edition,G,espn_opening_boxscore,Norman Powell,74,hoopshype_edition,G,espn_opening_boxscore,Jakob Poeltl,71,hoopshype_edition,C,espn_opening_boxscore,Lucas Nogueira,69,hoopshype_edition,C,espn_opening_boxscore,opening_night
Utah Jazz,2016-17,2017,51,31,0.6219512,Derrick Favors,85,hoopshype_edition,F,espn_opening_boxscore,Rudy Gobert,81,hoopshype_edition,C,espn_opening_boxscore,Rodney Hood,80,hoopshype_edition,SG,espn_opening_boxscore,Joe Johnson,77,hoopshype_edition,G,espn_opening_boxscore,George Hill,76,hoopshype_edition,PG,espn_opening_boxscore,Boris Diaw,74,hoopshype_edition,C,espn_opening_boxscore,Dante Exum,74,hoopshype_edition,G,espn_opening_boxscore,Jeff Withey,74,hoopshype_edition,C,espn_opening_boxscore,Shelvin Mack,74,hoopshype_edition,G,espn_opening_boxscore,Joe Ingles,73,hoopshype_edition,F,espn_opening_boxscore,opening_night
Washington Wizards,2016-17,2017,49,33,0.597561,John Wall,88,hoopshype_edition,PG,espn_opening_boxscore,Bradley Beal,79,hoopshype_edition,G,espn_opening_boxscore,Marcin Gortat,79,hoopshype_edition,C,espn_opening_boxscore,Markieff Morris,76,hoopshype_edition,PF,espn_opening_boxscore,Otto Porter Jr.,76,hoopshype_edition,SF,espn_opening_boxscore,Andrew Nicholson,73,hoopshype_edition,F,espn_opening_boxscore,Jason Smith,73,hoopshype_edition,F,espn_opening_boxscore,Marcus Thornton,73,hoopshype_edition,SG,espn_opening_boxscore,Trey Burke,73,hoopshype_edition,PG,espn_opening_boxscore,Tomas Satoransky,72,hoopshype_edition,SG,espn_opening_boxscore,opening_night
Atlanta Hawks,2017-18,2018,24,58,0.29268292,Dennis Schroder,78,hoopshype_edition,G,espn_opening_boxscore,Dewayne Dedmon,77,hoopshype_edition,C,espn_opening_boxscore,Ersan Ilyasova,75,hoopshype_edition,PF,espn_opening_boxscore,Taurean Prince,75,hoopshype_edition,F,espn_opening_boxscore,Kent Bazemore,74,hoopshype_edition,SF,espn_opening_boxscore,Malcolm Delaney,74,hoopshype_edition,G,espn_opening_boxscore,Marco Belinelli,74,hoopshype_edition,G,espn_opening_boxscore,Mike Muscala,74,hoopshype_edition,C,espn_opening_boxscore,John Collins,73,hoopshype_edition,F,espn_opening_boxscore,Luke Babbitt,70,hoopshype_edition,F,espn_opening_boxscore,opening_night
Boston Celtics,2017-18,2018,55,27,0.6707317,Kyrie Irving,90,hoopshype_edition,G,espn_opening_boxscore,Gordon Hayward,88,hoopshype_edition,SF,espn_opening_boxscore,Al Horford,83,hoopshype_edition,C,espn_opening_boxscore,Marcus Smart,79,hoopshype_edition,G,espn_opening_boxscore,Jayson Tatum,77,hoopshype_edition,F,espn_opening_boxscore,Jaylen Brown,76,hoopshype_edition,G,espn_opening_boxscore,Terry Rozier,74,hoopshype_edition,G,espn_opening_boxscore,Aron Baynes,73,hoopshype_edition,C,espn_opening_boxscore,Daniel Theis,71,hoopshype_edition,C,espn_opening_boxscore,Shane Larkin,71,hoopshype_edition,G,espn_opening_boxscore,opening_night
Brooklyn Nets,2017-18,2018,28,54,0.34146342,D'Angelo Russell,80,hoopshype_edition,G,espn_opening_boxscore,Jeremy Lin,78,hoopshype_edition,G,espn_opening_boxscore,Trevor Booker,76,hoopshype_edition,F,espn_opening_boxscore,Allen Crabbe,75,hoopshype_edition,G,espn_opening_boxscore,Caris LeVert,75,hoopshype_edition,G,espn_opening_boxscore,DeMarre Carroll,75,hoopshype_edition,F,espn_opening_boxscore,Rondae Hollis-Jefferson,75,hoopshype_edition,SF,espn_opening_boxscore,Sean Kilpatrick,74,hoopshype_edition,G,espn_opening_boxscore,Timofey Mozgov,74,hoopshype_edition,C,espn_opening_boxscore,Isaiah Whitehead,73,hoopshype_edition,PG,wikipedia_season_roster,opening_night
Charlotte Hornets,2017-18,2018,36,46,0.4390244,Kemba Walker,86,hoopshype_edition,PG,espn_opening_boxscore,Dwight Howard,81,hoopshype_edition,C,espn_opening_boxscore,Nicolas Batum,79,hoopshype_edition,G/F,wikipedia_season_roster,Cody Zeller,77,hoopshype_edition,C,espn_opening_boxscore,Marvin Williams,77,hoopshype_edition,F,espn_opening_boxscore,Michael Kidd-Gilchrist,77,hoopshype_edition,F,espn_opening_boxscore,Frank Kaminsky III,76,hoopshype_edition,F,espn_opening_boxscore,Treveon Graham,76,hoopshype_edition,F,espn_opening_boxscore,Jeremy Lamb,75,hoopshype_edition,SG,espn_opening_boxscore,Malik Monk,75,hoopshype_edition,G,espn_opening_boxscore,opening_night
Chicago Bulls,2017-18,2018,27,55,0.3292683,Bobby Portis,76,hoopshype_edition,F,espn_opening_boxscore,Nikola Mirotic,76,hoopshype_edition,PF,hoopshype_profile_fallback,Robin Lopez,76,hoopshype_edition,C,espn_opening_boxscore,Lauri Markkanen,75,hoopshype_edition,F,espn_opening_boxscore,Jerian Grant,74,hoopshype_edition,G,espn_opening_boxscore,Justin Holiday,74,hoopshype_edition,F,espn_opening_boxscore,Cristiano Felicio,73,hoopshype_edition,PF,espn_opening_boxscore,David Nwaba,73,hoopshype_edition,SF,espn_opening_boxscore,Denzel Valentine,73,hoopshype_edition,G,espn_opening_boxscore,Quincy Pondexter,73,hoopshype_edition,F,espn_opening_boxscore,opening_night
Cleveland Cavaliers,2017-18,2018,50,32,0.6097561,LeBron James,97,hoopshype_edition,F,espn_opening_boxscore,Kevin Love,87,hoopshype_edition,F,espn_opening_boxscore,Dwyane Wade,82,hoopshype_edition,G,espn_opening_boxscore,Jae Crowder,80,hoopshype_edition,PF,espn_opening_boxscore,Derrick Rose,78,hoopshype_edition,PG,espn_opening_boxscore,Tristan Thompson,78,hoopshype_edition,C,espn_opening_boxscore,Kyle Korver,74,hoopshype_edition,G,espn_opening_boxscore,Channing Frye,73,hoopshype_edition,F,espn_opening_boxscore,Iman Shumpert,73,hoopshype_edition,G,espn_opening_boxscore,Jeff Green,73,hoopshype_edition,F,espn_opening_boxscore,opening_night
Dallas Mavericks,2017-18,2018,24,58,0.29268292,Harrison Barnes,81,hoopshype_edition,F,espn_opening_boxscore,Dirk Nowitzki,80,hoopshype_edition,F,espn_opening_boxscore,Nerlens Noel,78,hoopshype_edition,C,espn_opening_boxscore,Wesley Matthews,77,hoopshype_edition,SG,espn_opening_boxscore,Dennis Smith Jr.,76,hoopshype_edition,PG,espn_opening_boxscore,Salah Mejri,74,hoopshype_edition,C,espn_opening_boxscore,Yogi Ferrell,74,hoopshype_edition,PG,espn_opening_boxscore,Devin Harris,73,hoopshype_edition,G,espn_opening_boxscore,Dwight Powell,73,hoopshype_edition,F,espn_opening_boxscore,Jeff Withey,73,hoopshype_edition,C,espn_opening_boxscore,opening_night
Denver Nuggets,2017-18,2018,46,36,0.5609756,Nikola Jokic,88,hoopshype_edition,C,espn_opening_boxscore,Paul Millsap,87,hoopshype_edition,PF,espn_opening_boxscore,Gary Harris,81,hoopshype_edition,G,espn_opening_boxscore,Kenneth Faried,78,hoopshype_edition,F,espn_opening_boxscore,Wilson Chandler,78,hoopshype_edition,F,espn_opening_boxscore,Jamal Murray,77,hoopshype_edition,G,espn_opening_boxscore,Mason Plumlee,77,hoopshype_edition,C,espn_opening_boxscore,Will Barton,77,hoopshype_edition,G,espn_opening_boxscore,Juancho Hernangomez,74,hoopshype_edition,PF,espn_opening_boxscore,Trey Lyles,74,hoopshype_edition,F,espn_opening_boxscore,opening_night
Detroit Pistons,2017-18,2018,39,43,0.47560975,Andre Drummond,85,hoopshype_edition,C,espn_opening_boxscore,Avery Bradley,83,hoopshype_edition,PG,espn_opening_boxscore,Tobias Harris,78,hoopshype_edition,F,espn_opening_boxscore,Reggie Jackson,77,hoopshype_edition,PG,espn_opening_boxscore,Jon Leuer,75,hoopshype_edition,F,espn_opening_boxscore,Boban Marjanovic,74,hoopshype_edition,C,espn_opening_boxscore,Langston Galloway,73,hoopshype_edition,SG,espn_opening_boxscore,Stanley Johnson,73,hoopshype_edition,SF,espn_opening_boxscore,Henry Ellenson,71,hoopshype_edition,PF,espn_opening_boxscore,Luke Kennard,71,hoopshype_edition,G,espn_opening_boxscore,opening_night
Golden State Warriors,2017-18,2018,58,24,0.70731705,Kevin Durant,96,hoopshype_edition,F,espn_opening_boxscore,Stephen Curry,94,hoopshype_edition,G,espn_opening_boxscore,Klay Thompson,90,hoopshype_edition,G,espn_opening_boxscore,Draymond Green,88,hoopshype_edition,F,espn_opening_boxscore,Andre Iguodala,79,hoopshype_edition,G/F,wikipedia_season_roster,JaVale McGee,76,hoopshype_edition,C,espn_opening_boxscore,Zaza Pachulia,76,hoopshype_edition,C,espn_opening_boxscore,Shaun Livingston,75,hoopshype_edition,G,espn_opening_boxscore,David West,74,hoopshype_edition,F,espn_opening_boxscore,Nick Young,74,hoopshype_edition,G,espn_opening_boxscore,opening_night
Houston Rockets,2017-18,2018,65,17,0.79268295,James Harden,95,hoopshype_edition,G,espn_opening_boxscore,Chris Paul,91,hoopshype_edition,G,espn_opening_boxscore,Eric Gordon,80,hoopshype_edition,G,espn_opening_boxscore,Clint Capela,79,hoopshype_edition,C,espn_opening_boxscore,Ryan Anderson,78,hoopshype_edition,PF,espn_opening_boxscore,Trevor Ariza,78,hoopshype_edition,SF,espn_opening_boxscore,Luc Mbah a Moute,76,hoopshype_edition,F,espn_opening_boxscore,P.J. Tucker,76,hoopshype_edition,PF,espn_opening_boxscore,Tarik Black,73,hoopshype_edition,F,espn_opening_boxscore,Zhou Qi,69,hoopshype_edition,C,espn_opening_boxscore,opening_night
Indiana Pacers,2017-18,2018,48,34,0.58536583,Myles Turner,84,hoopshype_edition,C,espn_opening_boxscore,Victor Oladipo,79,hoopshype_edition,SG,espn_opening_boxscore,Darren Collison,78,hoopshype_edition,PG,espn_opening_boxscore,Bojan Bogdanovic,77,hoopshype_edition,SF,espn_opening_boxscore,Thaddeus Young,77,hoopshype_edition,F,espn_opening_boxscore,Al Jefferson,75,hoopshype_edition,C,espn_opening_boxscore,Cory Joseph,75,hoopshype_edition,PG,espn_opening_boxscore,Lance Stephenson,75,hoopshype_edition,G,espn_opening_boxscore,Glenn Robinson III,74,hoopshype_edition,G/F,wikipedia_season_roster,Domantas Sabonis,73,hoopshype_edition,F,espn_opening_boxscore,opening_night
Los Angeles Clippers,2017-18,2018,42,40,0.5121951,Blake Griffin,87,hoopshype_edition,PF,espn_opening_boxscore,DeAndre Jordan,87,hoopshype_edition,C,espn_opening_boxscore,Danilo Gallinari,81,hoopshype_edition,PF,espn_opening_boxscore,Austin Rivers,80,hoopshype_edition,SG,espn_opening_boxscore,Patrick Beverley,79,hoopshype_edition,PG,espn_opening_boxscore,Milos Teodosic,77,hoopshype_edition,G,espn_opening_boxscore,Montrezl Harrell,74,hoopshype_edition,C,espn_opening_boxscore,Willie Reed,74,hoopshype_edition,C,espn_opening_boxscore,Sam Dekker,73,hoopshype_edition,F,espn_opening_boxscore,Wesley Johnson,71,hoopshype_edition,F,espn_opening_boxscore,opening_night
Los Angeles Lakers,2017-18,2018,35,47,0.42682928,Brook Lopez,84,hoopshype_edition,C,espn_opening_boxscore,Lonzo Ball,80,hoopshype_edition,G,espn_opening_boxscore,Kentavious Caldwell-Pope,79,hoopshype_edition,G,espn_opening_boxscore,Julius Randle,78,hoopshype_edition,F,espn_opening_boxscore,Jordan Clarkson,77,hoopshype_edition,G,espn_opening_boxscore,Larry Nance Jr.,77,hoopshype_edition,F,espn_opening_boxscore,Brandon Ingram,76,hoopshype_edition,F,espn_opening_boxscore,Andrew Bogut,73,hoopshype_edition,C,espn_opening_boxscore,Luol Deng,73,hoopshype_edition,F,espn_opening_boxscore,Kyle Kuzma,72,hoopshype_edition,F,espn_opening_boxscore,opening_night
Memphis Grizzlies,2017-18,2018,22,60,0.2682927,Marc Gasol,89,hoopshype_edition,C,espn_opening_boxscore,Mike Conley,87,hoopshype_edition,G,espn_opening_boxscore,Tyreke Evans,77,hoopshype_edition,G,espn_opening_boxscore,JaMychal Green,75,hoopshype_edition,F,espn_opening_boxscore,Chandler Parsons,74,hoopshype_edition,SF,espn_opening_boxscore,Brandan Wright,73,hoopshype_edition,F,espn_opening_boxscore,Andrew Harrison,72,hoopshype_edition,G,espn_opening_boxscore,Deyonta Davis,72,hoopshype_edition,F,espn_opening_boxscore,James Ennis III,72,hoopshype_edition,F,espn_opening_boxscore,Jarell Martin,72,hoopshype_edition,F,espn_opening_boxscore,opening_night
Miami Heat,2017-18,2018,44,38,0.5365854,Hassan Whiteside,87,hoopshype_edition,C,espn_opening_boxscore,Goran Dragic,85,hoopshype_edition,PG,espn_opening_boxscore,Dion Waiters,80,hoopshype_edition,G,espn_opening_boxscore,James Johnson,79,hoopshype_edition,PF,espn_opening_boxscore,Tyler Johnson,77,hoopshype_edition,G,espn_opening_boxscore,Justise Winslow,76,hoopshype_edition,PF,espn_opening_boxscore,Kelly Olynyk,75,hoopshype_edition,F,espn_opening_boxscore,Josh Richardson,74,hoopshype_edition,SG,espn_opening_boxscore,Rodney McGruder,74,hoopshype_edition,SG,wikipedia_season_roster,Wayne Ellington,74,hoopshype_edition,SG,espn_opening_boxscore,opening_night
Milwaukee Bucks,2017-18,2018,44,38,0.5365854,Giannis Antetokounmpo,91,hoopshype_edition,F,espn_opening_boxscore,Jabari Parker,81,hoopshype_edition,F,wikipedia_season_roster,Khris Middleton,81,hoopshype_edition,F,espn_opening_boxscore,Greg Monroe,80,hoopshype_edition,C,espn_opening_boxscore,Malcolm Brogdon,78,hoopshype_edition,G,espn_opening_boxscore,Thon Maker,75,hoopshype_edition,F,espn_opening_boxscore,Tony Snell,75,hoopshype_edition,SF,espn_opening_boxscore,John Henson,74,hoopshype_edition,F,espn_opening_boxscore,Matthew Dellavedova,74,hoopshype_edition,G,espn_opening_boxscore,Mirza Teletovic,73,hoopshype_edition,PF,espn_opening_boxscore,opening_night
Minnesota Timberwolves,2017-18,2018,47,35,0.5731707,Jimmy Butler,90,hoopshype_edition,F,espn_opening_boxscore,Karl-Anthony Towns,90,hoopshype_edition,C,espn_opening_boxscore,Andrew Wiggins,86,hoopshype_edition,F,espn_opening_boxscore,Jeff Teague,79,hoopshype_edition,PG,espn_opening_boxscore,Jamal Crawford,77,hoopshype_edition,G,espn_opening_boxscore,Gorgui Dieng,76,hoopshype_edition,C,espn_opening_boxscore,Taj Gibson,76,hoopshype_edition,F,espn_opening_boxscore,Shabazz Muhammad,75,hoopshype_edition,F,espn_opening_boxscore,Aaron Brooks,73,hoopshype_edition,G,espn_opening_boxscore,Tyus Jones,73,hoopshype_edition,G,espn_opening_boxscore,opening_night
New Orleans Pelicans,2017-18,2018,48,34,0.58536583,Anthony Davis,94,hoopshype_edition,F,espn_opening_boxscore,DeMarcus Cousins,92,hoopshype_edition,C,espn_opening_boxscore,Jrue Holiday,80,hoopshype_edition,G,espn_opening_boxscore,Tony Allen,78,hoopshype_edition,SG,espn_opening_boxscore,E'Twaun Moore,74,hoopshype_edition,G,espn_opening_boxscore,Ian Clark,74,hoopshype_edition,G,espn_opening_boxscore,Dante Cunningham,72,hoopshype_edition,F,espn_opening_boxscore,Solomon Hill,72,hoopshype_edition,SF,wikipedia_season_roster,Omer Asik,71,hoopshype_edition,C,hoopshype_profile_fallback,Cheick Diallo,70,hoopshype_edition,F,espn_opening_boxscore,opening_night
New York Knicks,2017-18,2018,29,53,0.35365853,Kristaps Porzingis,86,hoopshype_edition,C,espn_opening_boxscore,Tim Hardaway Jr.,80,hoopshype_edition,G,espn_opening_boxscore,Willy Hernangomez,77,hoopshype_edition,C,espn_opening_boxscore,Courtney Lee,75,hoopshype_edition,G,espn_opening_boxscore,Michael Beasley,75,hoopshype_edition,F,espn_opening_boxscore,Frank Ntilikina,74,hoopshype_edition,PG,espn_opening_boxscore,Joakim Noah,74,hoopshype_edition,C,wikipedia_season_roster,Doug McDermott,73,hoopshype_edition,F,espn_opening_boxscore,Mindaugas Kuzminskas,73,hoopshype_edition,SF,hoopshype_profile_fallback,Ramon Sessions,73,hoopshype_edition,G,espn_opening_boxscore,opening_night
Oklahoma City Thunder,2017-18,2018,48,34,0.58536583,Russell Westbrook,94,hoopshype_edition,G,espn_opening_boxscore,Paul George,91,hoopshype_edition,F,espn_opening_boxscore,Carmelo Anthony,84,hoopshype_edition,PF,espn_opening_boxscore,Steven Adams,82,hoopshype_edition,C,espn_opening_boxscore,Andre Roberson,76,hoopshype_edition,F,espn_opening_boxscore,Patrick Patterson,75,hoopshype_edition,PF,espn_opening_boxscore,Alex Abrines,74,hoopshype_edition,G,espn_opening_boxscore,Raymond Felton,74,hoopshype_edition,G,espn_opening_boxscore,Jerami Grant,73,hoopshype_edition,F,espn_opening_boxscore,Terrance Ferguson,71,hoopshype_edition,SF,espn_opening_boxscore,opening_night
Orlando Magic,2017-18,2018,25,57,0.30487806,Nikola Vucevic,80,hoopshype_edition,C,espn_opening_boxscore,Aaron Gordon,78,hoopshype_edition,F,espn_opening_boxscore,Evan Fournier,78,hoopshype_edition,SG,espn_opening_boxscore,Elfrid Payton,77,hoopshype_edition,G,espn_opening_boxscore,Jonathan Isaac,76,hoopshype_edition,F,espn_opening_boxscore,Jonathon Simmons,75,hoopshype_edition,G,espn_opening_boxscore,Terrence Ross,75,hoopshype_edition,G,espn_opening_boxscore,Marreese Speights,74,hoopshype_edition,F,espn_opening_boxscore,Arron Afflalo,73,hoopshype_edition,G,espn_opening_boxscore,Bismack Biyombo,73,hoopshype_edition,C,espn_opening_boxscore,opening_night
Philadelphia 76ers,2017-18,2018,52,30,0.63414633,Joel Embiid,86,hoopshype_edition,C,espn_opening_boxscore,Markelle Fultz,80,hoopshype_edition,G,espn_opening_boxscore,Ben Simmons,79,hoopshype_edition,PG,espn_opening_boxscore,JJ Redick,79,hoopshype_edition,SG,espn_opening_boxscore,Dario Saric,78,hoopshype_edition,F,espn_opening_boxscore,Robert Covington,78,hoopshype_edition,PF,espn_opening_boxscore,Richaun Holmes,76,hoopshype_edition,F,espn_opening_boxscore,Amir Johnson,75,hoopshype_edition,F,espn_opening_boxscore,T.J. McConnell,75,hoopshype_edition,G,espn_opening_boxscore,Jahlil Okafor,73,hoopshype_edition,C,espn_opening_boxscore,opening_night
Phoenix Suns,2017-18,2018,21,61,0.25609756,Devin Booker,85,hoopshype_edition,G,espn_opening_boxscore,Eric Bledsoe,84,hoopshype_edition,SG,espn_opening_boxscore,Josh Jackson,78,hoopshype_edition,SG,espn_opening_boxscore,Marquese Chriss,76,hoopshype_edition,SF,espn_opening_boxscore,Tyson Chandler,76,hoopshype_edition,C,espn_opening_boxscore,Alan Williams,75,hoopshype_edition,F/C,wikipedia_season_roster,Tyler Ulis,75,hoopshype_edition,G,espn_opening_boxscore,Jared Dudley,74,hoopshype_edition,F,wikipedia_season_roster,Alex Len,73,hoopshype_edition,C,wikipedia_season_roster,Dragan Bender,72,hoopshype_edition,F,espn_opening_boxscore,opening_night
Portland Trail Blazers,2017-18,2018,49,33,0.597561,Damian Lillard,89,hoopshype_edition,G,espn_opening_boxscore,CJ McCollum,86,hoopshype_edition,G,espn_opening_boxscore,Jusuf Nurkic,79,hoopshype_edition,C,espn_opening_boxscore,Evan Turner,74,hoopshype_edition,G,espn_opening_boxscore,Al-Farouq Aminu,73,hoopshype_edition,SF,espn_opening_boxscore,Zach Collins,73,hoopshype_edition,F,espn_opening_boxscore,Ed Davis,72,hoopshype_edition,C,espn_opening_boxscore,Noah Vonleh,72,hoopshype_edition,PF,hoopshype_profile_fallback,Shabazz Napier,71,hoopshype_edition,G,espn_opening_boxscore,Caleb Swanigan,70,hoopshype_edition,F,espn_opening_boxscore,opening_night
Sacramento Kings,2017-18,2018,27,55,0.3292683,George Hill,82,hoopshype_edition,PG,espn_opening_boxscore,Buddy Hield,77,hoopshype_edition,G,espn_opening_boxscore,De'Aaron Fox,77,hoopshype_edition,G,espn_opening_boxscore,Skal Labissiere,76,hoopshype_edition,C,espn_opening_boxscore,Willie Cauley-Stein,76,hoopshype_edition,C,espn_opening_boxscore,Garrett Temple,74,hoopshype_edition,G,espn_opening_boxscore,Vince Carter,74,hoopshype_edition,G,espn_opening_boxscore,Kosta Koufos,73,hoopshype_edition,C,espn_opening_boxscore,Georgios Papagiannis,72,hoopshype_edition,C,espn_opening_boxscore,Justin Jackson,72,hoopshype_edition,F,espn_opening_boxscore,opening_night
San Antonio Spurs,2017-18,2018,47,35,0.5731707,Kawhi Leonard,95,hoopshype_edition,F,wikipedia_season_roster,LaMarcus Aldridge,85,hoopshype_edition,C,espn_opening_boxscore,Pau Gasol,81,hoopshype_edition,PF,espn_opening_boxscore,Rudy Gay,81,hoopshype_edition,SF,espn_opening_boxscore,Patty Mills,77,hoopshype_edition,PG,espn_opening_boxscore,Tony Parker,77,hoopshype_edition,G,wikipedia_season_roster,Danny Green,76,hoopshype_edition,F,espn_opening_boxscore,Manu Ginobili,76,hoopshype_edition,G,espn_opening_boxscore,Dejounte Murray,73,hoopshype_edition,G,espn_opening_boxscore,Joffrey Lauvergne,73,hoopshype_edition,F,espn_opening_boxscore,opening_night
Toronto Raptors,2017-18,2018,59,23,0.7195122,DeMar DeRozan,89,hoopshype_edition,G,espn_opening_boxscore,Kyle Lowry,87,hoopshype_edition,G,espn_opening_boxscore,Jonas Valanciunas,81,hoopshype_edition,C,espn_opening_boxscore,Serge Ibaka,80,hoopshype_edition,F,espn_opening_boxscore,Norman Powell,75,hoopshype_edition,G,espn_opening_boxscore,Lucas Nogueira,73,hoopshype_edition,C,espn_opening_boxscore,Delon Wright,72,hoopshype_edition,G,espn_opening_boxscore,Jakob Poeltl,72,hoopshype_edition,C,espn_opening_boxscore,Pascal Siakam,72,hoopshype_edition,F,espn_opening_boxscore,OG Anunoby,71,hoopshype_edition,F,espn_opening_boxscore,opening_night
Utah Jazz,2017-18,2018,48,34,0.58536583,Rudy Gobert,88,hoopshype_edition,C,espn_opening_boxscore,Ricky Rubio,79,hoopshype_edition,PG,espn_opening_boxscore,Derrick Favors,78,hoopshype_edition,F,espn_opening_boxscore,Joe Ingles,78,hoopshype_edition,F,espn_opening_boxscore,Rodney Hood,78,hoopshype_edition,SG,espn_opening_boxscore,Joe Johnson,76,hoopshype_edition,G,espn_opening_boxscore,Donovan Mitchell,75,hoopshype_edition,G,espn_opening_boxscore,Thabo Sefolosha,75,hoopshype_edition,F,espn_opening_boxscore,Alec Burks,74,hoopshype_edition,SG,espn_opening_boxscore,Ekpe Udoh,74,hoopshype_edition,F,espn_opening_boxscore,opening_night
Washington Wizards,2017-18,2018,43,39,0.5243902,John Wall,90,hoopshype_edition,PG,espn_opening_boxscore,Bradley Beal,87,hoopshype_edition,G,espn_opening_boxscore,Otto Porter Jr.,80,hoopshype_edition,SF,espn_opening_boxscore,Marcin Gortat,78,hoopshype_edition,C,espn_opening_boxscore,Markieff Morris,78,hoopshype_edition,PF,espn_opening_boxscore,Ian Mahinmi,74,hoopshype_edition,C,espn_opening_boxscore,Kelly Oubre Jr.,74,hoopshype_edition,G,espn_opening_boxscore,Jason Smith,73,hoopshype_edition,F,espn_opening_boxscore,Tim Frazier,73,hoopshype_edition,PG,espn_opening_boxscore,Jodie Meeks,72,hoopshype_edition,G,espn_opening_boxscore,opening_night
Atlanta Hawks,2018-19,2019,29,53,0.35365853,John Collins,79,hoopshype_edition,F/C,wikipedia_season_roster,Taurean Prince,79,hoopshype_edition,F,espn_opening_boxscore,Jeremy Lin,78,hoopshype_edition,G,espn_opening_boxscore,Alex Len,77,hoopshype_edition,C,espn_opening_boxscore,Dewayne Dedmon,77,hoopshype_edition,C,wikipedia_season_roster,Kent Bazemore,77,hoopshype_edition,SF,espn_opening_boxscore,Trae Young,77,hoopshype_edition,G,espn_opening_boxscore,Vince Carter,74,hoopshype_edition,G,espn_opening_boxscore,Kevin Huerter,71,hoopshype_edition,G,espn_opening_boxscore,DeAndre' Bembry,70,hoopshype_edition,SG,espn_opening_boxscore,opening_night
Boston Celtics,2018-19,2019,49,33,0.597561,Kyrie Irving,93,hoopshype_edition,G,espn_opening_boxscore,Gordon Hayward,88,hoopshype_edition,SF,espn_opening_boxscore,Jayson Tatum,87,hoopshype_edition,F,espn_opening_boxscore,Al Horford,86,hoopshype_edition,C,espn_opening_boxscore,Jaylen Brown,84,hoopshype_edition,G,espn_opening_boxscore,Terry Rozier,79,hoopshype_edition,G,espn_opening_boxscore,Marcus Smart,78,hoopshype_edition,G,espn_opening_boxscore,Marcus Morris Sr.,77,hoopshype_edition,F,espn_opening_boxscore,Aron Baynes,75,hoopshype_edition,C,espn_opening_boxscore,Daniel Theis,74,hoopshype_edition,C,espn_opening_boxscore,opening_night
Brooklyn Nets,2018-19,2019,42,40,0.5121951,D'Angelo Russell,83,hoopshype_edition,G,espn_opening_boxscore,Spencer Dinwiddie,79,hoopshype_edition,PG,espn_opening_boxscore,Jarrett Allen,78,hoopshype_edition,C,espn_opening_boxscore,Rondae Hollis-Jefferson,78,hoopshype_edition,F,wikipedia_season_roster,DeMarre Carroll,77,hoopshype_edition,F,wikipedia_season_roster,Allen Crabbe,76,hoopshype_edition,G/F,wikipedia_season_roster,Caris LeVert,76,hoopshype_edition,G,espn_opening_boxscore,Ed Davis,76,hoopshype_edition,C,espn_opening_boxscore,Kenneth Faried,76,hoopshype_edition,F,espn_opening_boxscore,Joe Harris,75,hoopshype_edition,SF,espn_opening_boxscore,opening_night
Charlotte Hornets,2018-19,2019,39,43,0.47560975,Kemba Walker,86,hoopshype_edition,PG,espn_opening_boxscore,Jeremy Lamb,78,hoopshype_edition,SG,espn_opening_boxscore,Cody Zeller,77,hoopshype_edition,C,espn_opening_boxscore,Nicolas Batum,77,hoopshype_edition,F,espn_opening_boxscore,Frank Kaminsky III,76,hoopshype_edition,F,espn_opening_boxscore,Marvin Williams,76,hoopshype_edition,F,espn_opening_boxscore,Tony Parker,76,hoopshype_edition,G,espn_opening_boxscore,Willy Hernangomez,76,hoopshype_edition,C,espn_opening_boxscore,Michael Kidd-Gilchrist,75,hoopshype_edition,F,espn_opening_boxscore,Bismack Biyombo,74,hoopshype_edition,C,espn_opening_boxscore,opening_night
Chicago Bulls,2018-19,2019,22,60,0.2682927,Lauri Markkanen,82,hoopshype_edition,F,wikipedia_season_roster,Jabari Parker,81,hoopshype_edition,PF,espn_opening_boxscore,Zach LaVine,80,hoopshype_edition,G,espn_opening_boxscore,Bobby Portis,79,hoopshype_edition,F,espn_opening_boxscore,Robin Lopez,77,hoopshype_edition,C,espn_opening_boxscore,Wendell Carter Jr.,77,hoopshype_edition,C,espn_opening_boxscore,Justin Holiday,74,hoopshype_edition,F,espn_opening_boxscore,Tyler Ulis,74,hoopshype_edition,G,espn_opening_boxscore,Cameron Payne,71,hoopshype_edition,PG,espn_opening_boxscore,Chandler Hutchison,71,hoopshype_edition,SF,espn_opening_boxscore,opening_night
Cleveland Cavaliers,2018-19,2019,19,63,0.23170732,Kevin Love,86,hoopshype_edition,F,espn_opening_boxscore,Collin Sexton,76,hoopshype_edition,G,espn_opening_boxscore,George Hill,76,hoopshype_edition,PG,espn_opening_boxscore,Jordan Clarkson,76,hoopshype_edition,G,espn_opening_boxscore,Tristan Thompson,76,hoopshype_edition,C,espn_opening_boxscore,Cedi Osman,75,hoopshype_edition,SF,espn_opening_boxscore,Kyle Korver,75,hoopshype_edition,G,espn_opening_boxscore,Rodney Hood,75,hoopshype_edition,SG,espn_opening_boxscore,Channing Frye,74,hoopshype_edition,F,espn_opening_boxscore,Ante Zizic,73,hoopshype_edition,C,espn_opening_boxscore,opening_night
Dallas Mavericks,2018-19,2019,33,49,0.40243903,DeAndre Jordan,86,hoopshype_edition,C,espn_opening_boxscore,Harrison Barnes,82,hoopshype_edition,SF,hoopshype_profile_fallback,Luka Doncic,79,hoopshype_edition,G,espn_opening_boxscore,Dennis Smith Jr.,78,hoopshype_edition,PG,espn_opening_boxscore,Dirk Nowitzki,78,hoopshype_edition,C,wikipedia_season_roster,Wesley Matthews,77,hoopshype_edition,SG,espn_opening_boxscore,Dwight Powell,76,hoopshype_edition,F,espn_opening_boxscore,Salah Mejri,76,hoopshype_edition,C,espn_opening_boxscore,Maxi Kleber,73,hoopshype_edition,F,espn_opening_boxscore,Devin Harris,72,hoopshype_edition,G,espn_opening_boxscore,opening_night
Denver Nuggets,2018-19,2019,54,28,0.6585366,Nikola Jokic,89,hoopshype_edition,C,espn_opening_boxscore,Gary Harris,83,hoopshype_edition,G,espn_opening_boxscore,Paul Millsap,82,hoopshype_edition,PF,espn_opening_boxscore,Jamal Murray,81,hoopshype_edition,G,espn_opening_boxscore,Will Barton,79,hoopshype_edition,G,espn_opening_boxscore,Mason Plumlee,76,hoopshype_edition,C,espn_opening_boxscore,Trey Lyles,76,hoopshype_edition,F,espn_opening_boxscore,Juancho Hernangomez,73,hoopshype_edition,PF,espn_opening_boxscore,Malik Beasley,72,hoopshype_edition,SG,espn_opening_boxscore,Monte Morris,70,hoopshype_edition,PG,espn_opening_boxscore,opening_night
Detroit Pistons,2018-19,2019,41,41,0.5,Andre Drummond,87,hoopshype_edition,C,espn_opening_boxscore,Blake Griffin,86,hoopshype_edition,PF,espn_opening_boxscore,Reggie Jackson,79,hoopshype_edition,PG,espn_opening_boxscore,Reggie Bullock Jr.,76,hoopshype_edition,SF,espn_opening_boxscore,Zaza Pachulia,76,hoopshype_edition,C,espn_opening_boxscore,Glenn Robinson III,75,hoopshype_edition,F,espn_opening_boxscore,Jon Leuer,74,hoopshype_edition,F,espn_opening_boxscore,Langston Galloway,74,hoopshype_edition,SG,espn_opening_boxscore,Stanley Johnson,74,hoopshype_edition,SF,espn_opening_boxscore,Jose Calderon,73,hoopshype_edition,G,espn_opening_boxscore,opening_night
Golden State Warriors,2018-19,2019,57,25,0.69512194,Kevin Durant,97,hoopshype_edition,F,espn_opening_boxscore,Stephen Curry,95,hoopshype_edition,G,espn_opening_boxscore,Klay Thompson,89,hoopshype_edition,G,espn_opening_boxscore,Draymond Green,87,hoopshype_edition,F,espn_opening_boxscore,Andre Iguodala,77,hoopshype_edition,F,espn_opening_boxscore,Jordan Bell,77,hoopshype_edition,F,espn_opening_boxscore,Jonas Jerebko,75,hoopshype_edition,F,espn_opening_boxscore,Shaun Livingston,75,hoopshype_edition,G,espn_opening_boxscore,Quinn Cook,74,hoopshype_edition,PG,espn_opening_boxscore,Jacob Evans III,72,hoopshype_edition,G,espn_opening_boxscore,opening_night
Houston Rockets,2018-19,2019,53,29,0.64634144,James Harden,96,hoopshype_edition,G,espn_opening_boxscore,Chris Paul,90,hoopshype_edition,G,espn_opening_boxscore,Clint Capela,84,hoopshype_edition,C,espn_opening_boxscore,Eric Gordon,81,hoopshype_edition,G,espn_opening_boxscore,Carmelo Anthony,79,hoopshype_edition,PF,espn_opening_boxscore,Gerald Green,77,hoopshype_edition,G,espn_opening_boxscore,P.J. Tucker,76,hoopshype_edition,PF,espn_opening_boxscore,James Ennis III,75,hoopshype_edition,F,espn_opening_boxscore,Michael Carter-Williams,69,hoopshype_edition,G,espn_opening_boxscore,Isaiah Hartenstein,68,hoopshype_edition,C,espn_opening_boxscore,opening_night
Indiana Pacers,2018-19,2019,48,34,0.58536583,Victor Oladipo,88,hoopshype_edition,SG,espn_opening_boxscore,Myles Turner,80,hoopshype_edition,C,espn_opening_boxscore,Tyreke Evans,80,hoopshype_edition,G,espn_opening_boxscore,Bojan Bogdanovic,79,hoopshype_edition,SF,espn_opening_boxscore,Darren Collison,79,hoopshype_edition,PG,espn_opening_boxscore,Domantas Sabonis,79,hoopshype_edition,F,espn_opening_boxscore,Thaddeus Young,78,hoopshype_edition,F,espn_opening_boxscore,Kyle O'Quinn,76,hoopshype_edition,C,espn_opening_boxscore,Cory Joseph,74,hoopshype_edition,PG,espn_opening_boxscore,Doug McDermott,73,hoopshype_edition,F,espn_opening_boxscore,opening_night
Los Angeles Clippers,2018-19,2019,48,34,0.58536583,Tobias Harris,82,hoopshype_edition,F,espn_opening_boxscore,Patrick Beverley,78,hoopshype_edition,PG,espn_opening_boxscore,Avery Bradley,77,hoopshype_edition,PG,espn_opening_boxscore,Danilo Gallinari,77,hoopshype_edition,PF,espn_opening_boxscore,Marcin Gortat,77,hoopshype_edition,C,espn_opening_boxscore,Mike Scott,76,hoopshype_edition,PF,espn_opening_boxscore,Montrezl Harrell,76,hoopshype_edition,C,espn_opening_boxscore,Boban Marjanovic,75,hoopshype_edition,C,espn_opening_boxscore,Luc Mbah a Moute,75,hoopshype_edition,F,espn_opening_boxscore,Milos Teodosic,74,hoopshype_edition,PG,hoopshype_profile_fallback,opening_night
Los Angeles Lakers,2018-19,2019,37,45,0.4512195,LeBron James,98,hoopshype_edition,F,espn_opening_boxscore,Brandon Ingram,82,hoopshype_edition,F,espn_opening_boxscore,Kyle Kuzma,80,hoopshype_edition,F,espn_opening_boxscore,Lonzo Ball,79,hoopshype_edition,G,espn_opening_boxscore,Rajon Rondo,79,hoopshype_edition,PG,espn_opening_boxscore,JaVale McGee,77,hoopshype_edition,C,espn_opening_boxscore,Josh Hart,76,hoopshype_edition,G,espn_opening_boxscore,Kentavious Caldwell-Pope,76,hoopshype_edition,G,espn_opening_boxscore,Lance Stephenson,76,hoopshype_edition,G,espn_opening_boxscore,Michael Beasley,76,hoopshype_edition,F,espn_opening_boxscore,opening_night
Memphis Grizzlies,2018-19,2019,33,49,0.40243903,Marc Gasol,85,hoopshype_edition,C,espn_opening_boxscore,Mike Conley,83,hoopshype_edition,G,espn_opening_boxscore,Jaren Jackson Jr.,78,hoopshype_edition,F,espn_opening_boxscore,Kyle Anderson,77,hoopshype_edition,F,espn_opening_boxscore,Chandler Parsons,75,hoopshype_edition,SF,espn_opening_boxscore,Dillon Brooks,75,hoopshype_edition,F,espn_opening_boxscore,JaMychal Green,75,hoopshype_edition,F,espn_opening_boxscore,Omri Casspi,75,hoopshype_edition,F,espn_opening_boxscore,Andrew Harrison,74,hoopshype_edition,PG,hoopshype_profile_fallback,Garrett Temple,74,hoopshype_edition,G,espn_opening_boxscore,opening_night
Miami Heat,2018-19,2019,39,43,0.47560975,Hassan Whiteside,85,hoopshype_edition,C,espn_opening_boxscore,Goran Dragic,84,hoopshype_edition,PG,espn_opening_boxscore,Dwyane Wade,79,hoopshype_edition,G,espn_opening_boxscore,Bam Adebayo,78,hoopshype_edition,C,espn_opening_boxscore,Josh Richardson,78,hoopshype_edition,SG,espn_opening_boxscore,James Johnson,77,hoopshype_edition,F,wikipedia_season_roster,Kelly Olynyk,77,hoopshype_edition,F,espn_opening_boxscore,Dion Waiters,76,hoopshype_edition,G,wikipedia_season_roster,Justise Winslow,76,hoopshype_edition,F,wikipedia_season_roster,Tyler Johnson,76,hoopshype_edition,G,espn_opening_boxscore,opening_night
Milwaukee Bucks,2018-19,2019,60,22,0.73170733,Giannis Antetokounmpo,94,hoopshype_edition,F,espn_opening_boxscore,Khris Middleton,84,hoopshype_edition,F,espn_opening_boxscore,Eric Bledsoe,81,hoopshype_edition,SG,espn_opening_boxscore,Brook Lopez,79,hoopshype_edition,C,espn_opening_boxscore,Malcolm Brogdon,79,hoopshype_edition,G,espn_opening_boxscore,Ersan Ilyasova,77,hoopshype_edition,PF,espn_opening_boxscore,John Henson,77,hoopshype_edition,F,espn_opening_boxscore,Christian Wood,73,hoopshype_edition,F,espn_opening_boxscore,Matthew Dellavedova,73,hoopshype_edition,G,espn_opening_boxscore,Tony Snell,73,hoopshype_edition,SF,espn_opening_boxscore,opening_night
Minnesota Timberwolves,2018-19,2019,36,46,0.4390244,Karl-Anthony Towns,91,hoopshype_edition,C,espn_opening_boxscore,Jimmy Butler,89,hoopshype_edition,F,espn_opening_boxscore,Andrew Wiggins,81,hoopshype_edition,F,espn_opening_boxscore,Jeff Teague,79,hoopshype_edition,PG,espn_opening_boxscore,Taj Gibson,76,hoopshype_edition,F,espn_opening_boxscore,Derrick Rose,75,hoopshype_edition,PG,espn_opening_boxscore,Gorgui Dieng,75,hoopshype_edition,C,espn_opening_boxscore,Anthony Tolliver,74,hoopshype_edition,PF,espn_opening_boxscore,Tyus Jones,74,hoopshype_edition,G,espn_opening_boxscore,Luol Deng,72,hoopshype_edition,F,espn_opening_boxscore,opening_night
New Orleans Pelicans,2018-19,2019,33,49,0.40243903,Anthony Davis,94,hoopshype_edition,F,espn_opening_boxscore,Jrue Holiday,85,hoopshype_edition,G,espn_opening_boxscore,Julius Randle,80,hoopshype_edition,F,espn_opening_boxscore,Nikola Mirotic,79,hoopshype_edition,F,espn_opening_boxscore,Elfrid Payton,77,hoopshype_edition,G,espn_opening_boxscore,E'Twaun Moore,75,hoopshype_edition,G,espn_opening_boxscore,Darius Miller,73,hoopshype_edition,SF,espn_opening_boxscore,Jahlil Okafor,73,hoopshype_edition,C,espn_opening_boxscore,Solomon Hill,73,hoopshype_edition,SF,espn_opening_boxscore,Cheick Diallo,72,hoopshype_edition,F,espn_opening_boxscore,opening_night
New York Knicks,2018-19,2019,17,65,0.20731707,Tim Hardaway Jr.,78,hoopshype_edition,G,espn_opening_boxscore,Courtney Lee,76,hoopshype_edition,G,espn_opening_boxscore,Mario Hezonja,76,hoopshype_edition,F,espn_opening_boxscore,Kevin Knox II,75,hoopshype_edition,F,espn_opening_boxscore,Trey Burke,75,hoopshype_edition,PG,espn_opening_boxscore,Frank Ntilikina,74,hoopshype_edition,PG,espn_opening_boxscore,Ron Baker,73,hoopshype_edition,G,espn_opening_boxscore,Noah Vonleh,71,hoopshype_edition,PF,espn_opening_boxscore,Mitchell Robinson,70,hoopshype_edition,C,espn_opening_boxscore,Damyean Dotson,69,hoopshype_edition,SG,espn_opening_boxscore,opening_night
Oklahoma City Thunder,2018-19,2019,49,33,0.597561,Russell Westbrook,93,hoopshype_edition,PG,wikipedia_season_roster,Paul George,89,hoopshype_edition,F,espn_opening_boxscore,Steven Adams,84,hoopshype_edition,C,espn_opening_boxscore,Dennis Schroder,79,hoopshype_edition,G,espn_opening_boxscore,Nerlens Noel,77,hoopshype_edition,C,espn_opening_boxscore,Jerami Grant,75,hoopshype_edition,F,espn_opening_boxscore,Raymond Felton,75,hoopshype_edition,G,espn_opening_boxscore,Patrick Patterson,74,hoopshype_edition,PF,espn_opening_boxscore,Alex Abrines,72,hoopshype_edition,G,espn_opening_boxscore,Timothe Luwawu-Cabarrot,70,hoopshype_edition,SG,espn_opening_boxscore,opening_night
Orlando Magic,2018-19,2019,42,40,0.5121951,Aaron Gordon,82,hoopshype_edition,F,espn_opening_boxscore,Nikola Vucevic,81,hoopshype_edition,C,espn_opening_boxscore,Evan Fournier,79,hoopshype_edition,SG,espn_opening_boxscore,Jonathon Simmons,77,hoopshype_edition,G,espn_opening_boxscore,Mo Bamba,77,hoopshype_edition,C,espn_opening_boxscore,Jonathan Isaac,76,hoopshype_edition,F,espn_opening_boxscore,Jerian Grant,74,hoopshype_edition,G,espn_opening_boxscore,Terrence Ross,74,hoopshype_edition,G,espn_opening_boxscore,Jarell Martin,73,hoopshype_edition,F,espn_opening_boxscore,Khem Birch,71,hoopshype_edition,C,espn_opening_boxscore,opening_night
Philadelphia 76ers,2018-19,2019,51,31,0.6219512,Joel Embiid,90,hoopshype_edition,C,espn_opening_boxscore,Ben Simmons,87,hoopshype_edition,PG,espn_opening_boxscore,Dario Saric,79,hoopshype_edition,F,espn_opening_boxscore,JJ Redick,79,hoopshype_edition,SG,espn_opening_boxscore,Robert Covington,79,hoopshype_edition,PF,espn_opening_boxscore,Markelle Fultz,76,hoopshype_edition,G,espn_opening_boxscore,Amir Johnson,75,hoopshype_edition,F,espn_opening_boxscore,T.J. McConnell,75,hoopshype_edition,G,espn_opening_boxscore,Furkan Korkmaz,71,hoopshype_edition,SG,espn_opening_boxscore,Landry Shamet,71,hoopshype_edition,G,espn_opening_boxscore,opening_night
Phoenix Suns,2018-19,2019,19,63,0.23170732,Devin Booker,87,hoopshype_edition,G,espn_opening_boxscore,Deandre Ayton,79,hoopshype_edition,C,espn_opening_boxscore,Trevor Ariza,78,hoopshype_edition,SF,espn_opening_boxscore,Josh Jackson,77,hoopshype_edition,SG,espn_opening_boxscore,Richaun Holmes,75,hoopshype_edition,F,espn_opening_boxscore,Ryan Anderson,75,hoopshype_edition,PF,espn_opening_boxscore,Troy Daniels,75,hoopshype_edition,G,espn_opening_boxscore,Tyson Chandler,75,hoopshype_edition,C,espn_opening_boxscore,Mikal Bridges,74,hoopshype_edition,G,espn_opening_boxscore,Dragan Bender,73,hoopshype_edition,F,espn_opening_boxscore,opening_night
Portland Trail Blazers,2018-19,2019,53,29,0.64634144,Damian Lillard,90,hoopshype_edition,G,espn_opening_boxscore,CJ McCollum,87,hoopshype_edition,G,espn_opening_boxscore,Jusuf Nurkic,79,hoopshype_edition,C,espn_opening_boxscore,Al-Farouq Aminu,76,hoopshype_edition,SF,espn_opening_boxscore,Seth Curry,75,hoopshype_edition,G,espn_opening_boxscore,Evan Turner,73,hoopshype_edition,G,espn_opening_boxscore,Meyers Leonard,71,hoopshype_edition,C,espn_opening_boxscore,Nik Stauskas,71,hoopshype_edition,G,espn_opening_boxscore,Caleb Swanigan,70,hoopshype_edition,F,espn_opening_boxscore,Jake Layman,70,hoopshype_edition,F,espn_opening_boxscore,opening_night
Sacramento Kings,2018-19,2019,39,43,0.47560975,Buddy Hield,79,hoopshype_edition,G,espn_opening_boxscore,Willie Cauley-Stein,79,hoopshype_edition,C,espn_opening_boxscore,De'Aaron Fox,78,hoopshype_edition,G,espn_opening_boxscore,Marvin Bagley III,78,hoopshype_edition,F,espn_opening_boxscore,Kosta Koufos,76,hoopshype_edition,C,wikipedia_season_roster,Nemanja Bjelica,75,hoopshype_edition,PF,espn_opening_boxscore,Skal Labissiere,75,hoopshype_edition,C,espn_opening_boxscore,Yogi Ferrell,74,hoopshype_edition,PG,espn_opening_boxscore,Ben McLemore,73,hoopshype_edition,SG,espn_opening_boxscore,Harry Giles III,73,hoopshype_edition,PF,espn_opening_boxscore,opening_night
San Antonio Spurs,2018-19,2019,48,34,0.58536583,DeMar DeRozan,89,hoopshype_edition,G,espn_opening_boxscore,LaMarcus Aldridge,88,hoopshype_edition,C,espn_opening_boxscore,Pau Gasol,79,hoopshype_edition,PF,espn_opening_boxscore,Rudy Gay,78,hoopshype_edition,SF,espn_opening_boxscore,Marco Belinelli,76,hoopshype_edition,G,espn_opening_boxscore,Patty Mills,76,hoopshype_edition,PG,espn_opening_boxscore,Davis Bertans,75,hoopshype_edition,SF,espn_opening_boxscore,Jakob Poeltl,75,hoopshype_edition,C,espn_opening_boxscore,Bryn Forbes,72,hoopshype_edition,SG,espn_opening_boxscore,Quincy Pondexter,72,hoopshype_edition,F,espn_opening_boxscore,opening_night
Toronto Raptors,2018-19,2019,58,24,0.70731705,Kawhi Leonard,94,hoopshype_edition,F,espn_opening_boxscore,Kyle Lowry,85,hoopshype_edition,G,espn_opening_boxscore,Jonas Valanciunas,82,hoopshype_edition,C,espn_opening_boxscore,Serge Ibaka,79,hoopshype_edition,F,espn_opening_boxscore,Delon Wright,77,hoopshype_edition,PG,hoopshype_profile_fallback,Fred VanVleet,77,hoopshype_edition,G,espn_opening_boxscore,Pascal Siakam,77,hoopshype_edition,F,espn_opening_boxscore,Greg Monroe,76,hoopshype_edition,C,espn_opening_boxscore,OG Anunoby,76,hoopshype_edition,F,espn_opening_boxscore,Danny Green,75,hoopshype_edition,F,espn_opening_boxscore,opening_night
Utah Jazz,2018-19,2019,50,32,0.6097561,Donovan Mitchell,87,hoopshype_edition,G,espn_opening_boxscore,Rudy Gobert,87,hoopshype_edition,C,espn_opening_boxscore,Derrick Favors,79,hoopshype_edition,F,espn_opening_boxscore,Joe Ingles,79,hoopshype_edition,F,espn_opening_boxscore,Ricky Rubio,79,hoopshype_edition,PG,espn_opening_boxscore,Jae Crowder,76,hoopshype_edition,PF,espn_opening_boxscore,Thabo Sefolosha,76,hoopshype_edition,F,espn_opening_boxscore,Alec Burks,75,hoopshype_edition,SG,espn_opening_boxscore,Ekpe Udoh,75,hoopshype_edition,F,espn_opening_boxscore,Dante Exum,74,hoopshype_edition,G,espn_opening_boxscore,opening_night
Washington Wizards,2018-19,2019,32,50,0.3902439,John Wall,89,hoopshype_edition,PG,espn_opening_boxscore,Bradley Beal,87,hoopshype_edition,G,espn_opening_boxscore,Otto Porter Jr.,81,hoopshype_edition,SF,espn_opening_boxscore,Austin Rivers,78,hoopshype_edition,SG,espn_opening_boxscore,Markieff Morris,77,hoopshype_edition,PF,espn_opening_boxscore,Jeff Green,76,hoopshype_edition,F,espn_opening_boxscore,Kelly Oubre Jr.,76,hoopshype_edition,G,espn_opening_boxscore,Tomas Satoransky,76,hoopshype_edition,SG,espn_opening_boxscore,Ian Mahinmi,74,hoopshype_edition,C,espn_opening_boxscore,Troy Brown Jr.,71,hoopshype_edition,F,espn_opening_boxscore,opening_night
Atlanta Hawks,2019-20,2020,20,47,0.29850745,Trae Young,85,hoopshype_edition,G,espn_opening_boxscore,John Collins,84,hoopshype_edition,F,espn_opening_boxscore,Jabari Parker,78,hoopshype_edition,PF,espn_opening_boxscore,Alex Len,77,hoopshype_edition,C,espn_opening_boxscore,De'Andre Hunter,77,hoopshype_edition,F,espn_opening_boxscore,Dewayne Dedmon,76,hoopshype_edition,C,wikipedia_season_roster,Kevin Huerter,76,hoopshype_edition,G,espn_opening_boxscore,DeAndre' Bembry,73,hoopshype_edition,SG,espn_opening_boxscore,Evan Turner,73,hoopshype_edition,G,espn_opening_boxscore,Bruno Fernando,71,hoopshype_edition,F,espn_opening_boxscore,opening_night
Boston Celtics,2019-20,2020,48,24,0.6666667,Kemba Walker,88,hoopshype_edition,PG,espn_opening_boxscore,Jayson Tatum,85,hoopshype_edition,F,espn_opening_boxscore,Marcus Smart,82,hoopshype_edition,G,espn_opening_boxscore,Gordon Hayward,80,hoopshype_edition,SF,espn_opening_boxscore,Jaylen Brown,79,hoopshype_edition,G,espn_opening_boxscore,Daniel Theis,76,hoopshype_edition,C,espn_opening_boxscore,Robert Williams,74,hoopshype_edition,C,espn_opening_boxscore,Brad Wanamaker,73,hoopshype_edition,PG,espn_opening_boxscore,Semi Ojeleye,73,hoopshype_edition,PF,espn_opening_boxscore,Vincent Poirier,73,hoopshype_edition,C,espn_opening_boxscore,opening_night
Brooklyn Nets,2019-20,2020,35,37,0.4861111,Kyrie Irving,91,hoopshype_edition,G,espn_opening_boxscore,Spencer Dinwiddie,82,hoopshype_edition,PG,espn_opening_boxscore,DeAndre Jordan,81,hoopshype_edition,C,espn_opening_boxscore,Jarrett Allen,79,hoopshype_edition,C,espn_opening_boxscore,Caris LeVert,78,hoopshype_edition,G,espn_opening_boxscore,Joe Harris,78,hoopshype_edition,SF,espn_opening_boxscore,Taurean Prince,77,hoopshype_edition,F,espn_opening_boxscore,Rodions Kurucs,75,hoopshype_edition,SF,espn_opening_boxscore,Wilson Chandler,75,hoopshype_edition,F,espn_opening_boxscore,David Nwaba,73,hoopshype_edition,SF,espn_opening_boxscore,opening_night
Charlotte Hornets,2019-20,2020,23,42,0.35384616,Terry Rozier,78,hoopshype_edition,G,espn_opening_boxscore,Cody Zeller,77,hoopshype_edition,C,espn_opening_boxscore,Nicolas Batum,77,hoopshype_edition,F,espn_opening_boxscore,Marvin Williams,76,hoopshype_edition,F,espn_opening_boxscore,Michael Kidd-Gilchrist,76,hoopshype_edition,F,espn_opening_boxscore,Miles Bridges,76,hoopshype_edition,F,espn_opening_boxscore,Willy Hernangomez,76,hoopshype_edition,C,espn_opening_boxscore,Bismack Biyombo,75,hoopshype_edition,C,espn_opening_boxscore,Malik Monk,75,hoopshype_edition,G,espn_opening_boxscore,Dwayne Bacon,73,hoopshype_edition,G,espn_opening_boxscore,opening_night
Chicago Bulls,2019-20,2020,22,43,0.33846155,Zach LaVine,85,hoopshype_edition,G,espn_opening_boxscore,Lauri Markkanen,83,hoopshype_edition,F,espn_opening_boxscore,Otto Porter Jr.,80,hoopshype_edition,SF,espn_opening_boxscore,Thaddeus Young,79,hoopshype_edition,F,espn_opening_boxscore,Wendell Carter Jr.,78,hoopshype_edition,C,espn_opening_boxscore,Coby White,76,hoopshype_edition,G,espn_opening_boxscore,Kris Dunn,75,hoopshype_edition,G,espn_opening_boxscore,Tomas Satoransky,75,hoopshype_edition,SG,espn_opening_boxscore,Denzel Valentine,74,hoopshype_edition,G,espn_opening_boxscore,Shaquille Harrison,73,hoopshype_edition,G,espn_opening_boxscore,opening_night
Cleveland Cavaliers,2019-20,2020,19,46,0.2923077,Kevin Love,83,hoopshype_edition,F,espn_opening_boxscore,Tristan Thompson,79,hoopshype_edition,C,espn_opening_boxscore,Jordan Clarkson,78,hoopshype_edition,G,espn_opening_boxscore,Larry Nance Jr.,78,hoopshype_edition,F,espn_opening_boxscore,Collin Sexton,77,hoopshype_edition,G,espn_opening_boxscore,Darius Garland,77,hoopshype_edition,G,espn_opening_boxscore,Cedi Osman,75,hoopshype_edition,SF,espn_opening_boxscore,Ante Zizic,73,hoopshype_edition,C,wikipedia_season_roster,Matthew Dellavedova,73,hoopshype_edition,G,espn_opening_boxscore,Brandon Knight,72,hoopshype_edition,PG,espn_opening_boxscore,opening_night
Dallas Mavericks,2019-20,2020,43,32,0.5733333,Kristaps Porzingis,87,hoopshype_edition,C,espn_opening_boxscore,Luka Doncic,87,hoopshype_edition,G,espn_opening_boxscore,Dwight Powell,77,hoopshype_edition,F/C,wikipedia_season_roster,Tim Hardaway Jr.,77,hoopshype_edition,G,espn_opening_boxscore,Delon Wright,76,hoopshype_edition,G,espn_opening_boxscore,Jalen Brunson,76,hoopshype_edition,G,espn_opening_boxscore,Boban Marjanovic,75,hoopshype_edition,C,espn_opening_boxscore,Justin Jackson,74,hoopshype_edition,F,espn_opening_boxscore,Maxi Kleber,74,hoopshype_edition,F,espn_opening_boxscore,Seth Curry,74,hoopshype_edition,G,espn_opening_boxscore,opening_night
Denver Nuggets,2019-20,2020,46,27,0.63013697,Nikola Jokic,90,hoopshype_edition,C,espn_opening_boxscore,Jamal Murray,84,hoopshype_edition,G,espn_opening_boxscore,Paul Millsap,82,hoopshype_edition,PF,espn_opening_boxscore,Gary Harris,79,hoopshype_edition,G,espn_opening_boxscore,Will Barton,78,hoopshype_edition,G,espn_opening_boxscore,Jerami Grant,77,hoopshype_edition,F,espn_opening_boxscore,Malik Beasley,77,hoopshype_edition,SG,espn_opening_boxscore,Mason Plumlee,77,hoopshype_edition,C,espn_opening_boxscore,Monte Morris,77,hoopshype_edition,PG,espn_opening_boxscore,Michael Porter Jr.,76,hoopshype_edition,F,espn_opening_boxscore,opening_night
Detroit Pistons,2019-20,2020,20,46,0.3030303,Blake Griffin,88,hoopshype_edition,PF,wikipedia_season_roster,Andre Drummond,86,hoopshype_edition,C,espn_opening_boxscore,Derrick Rose,80,hoopshype_edition,PG,espn_opening_boxscore,Reggie Jackson,80,hoopshype_edition,PG,espn_opening_boxscore,Luke Kennard,75,hoopshype_edition,G,espn_opening_boxscore,Markieff Morris,75,hoopshype_edition,PF,espn_opening_boxscore,Christian Wood,74,hoopshype_edition,F,espn_opening_boxscore,Bruce Brown,73,hoopshype_edition,G,espn_opening_boxscore,Tony Snell,73,hoopshype_edition,SF,espn_opening_boxscore,Langston Galloway,72,hoopshype_edition,SG,espn_opening_boxscore,opening_night
Golden State Warriors,2019-20,2020,15,50,0.23076923,Stephen Curry,95,hoopshype_edition,G,espn_opening_boxscore,D'Angelo Russell,87,hoopshype_edition,G,espn_opening_boxscore,Draymond Green,86,hoopshype_edition,F,espn_opening_boxscore,Kevon Looney,77,hoopshype_edition,F,espn_opening_boxscore,Damion Lee,76,hoopshype_edition,SG,espn_opening_boxscore,Glenn Robinson III,74,hoopshype_edition,F,espn_opening_boxscore,Eric Paschall,71,hoopshype_edition,F,espn_opening_boxscore,Jacob Evans III,71,hoopshype_edition,G,espn_opening_boxscore,Jordan Poole,70,hoopshype_edition,G,espn_opening_boxscore,Ky Bowman,66,hoopshype_edition_floor_unrated,G,espn_opening_boxscore,opening_night
Houston Rockets,2019-20,2020,44,28,0.6111111,James Harden,96,hoopshype_edition,G,espn_opening_boxscore,Russell Westbrook,90,hoopshype_edition,G,espn_opening_boxscore,Clint Capela,85,hoopshype_edition,C,espn_opening_boxscore,P.J. Tucker,79,hoopshype_edition,PF,espn_opening_boxscore,Eric Gordon,78,hoopshype_edition,G,espn_opening_boxscore,Austin Rivers,76,hoopshype_edition,SG,espn_opening_boxscore,Danuel House Jr.,73,hoopshype_edition,SF,espn_opening_boxscore,Tyson Chandler,73,hoopshype_edition,C,espn_opening_boxscore,Ben McLemore,71,hoopshype_edition,SG,espn_opening_boxscore,Gary Clark,69,hoopshype_edition,F,espn_opening_boxscore,opening_night
Indiana Pacers,2019-20,2020,45,28,0.6164383,Victor Oladipo,87,hoopshype_edition,G,wikipedia_season_roster,Malcolm Brogdon,83,hoopshype_edition,G,espn_opening_boxscore,Myles Turner,82,hoopshype_edition,C,espn_opening_boxscore,Domantas Sabonis,81,hoopshype_edition,F,espn_opening_boxscore,Jeremy Lamb,79,hoopshype_edition,SG,espn_opening_boxscore,T.J. McConnell,75,hoopshype_edition,G,espn_opening_boxscore,Doug McDermott,74,hoopshype_edition,F,espn_opening_boxscore,TJ Leaf,74,hoopshype_edition,PF,espn_opening_boxscore,Aaron Holiday,73,hoopshype_edition,G,espn_opening_boxscore,Goga Bitadze,72,hoopshype_edition,C,espn_opening_boxscore,opening_night
Los Angeles Clippers,2019-20,2020,49,23,0.6805556,Kawhi Leonard,97,hoopshype_edition,F,espn_opening_boxscore,Montrezl Harrell,83,hoopshype_edition,C,espn_opening_boxscore,Patrick Beverley,79,hoopshype_edition,PG,espn_opening_boxscore,JaMychal Green,78,hoopshype_edition,F,espn_opening_boxscore,Ivica Zubac,77,hoopshype_edition,C,espn_opening_boxscore,Landry Shamet,76,hoopshype_edition,G,espn_opening_boxscore,Jerome Robinson,71,hoopshype_edition,SG,espn_opening_boxscore,Johnathan Motley,70,hoopshype_edition,F,espn_opening_boxscore,Terance Mann,69,hoopshype_edition,G,espn_opening_boxscore,Lou Williams,66,hoopshype_edition_floor_unrated,SG,espn_opening_boxscore,opening_night
Los Angeles Lakers,2019-20,2020,52,19,0.73239434,LeBron James,97,hoopshype_edition,F,espn_opening_boxscore,Anthony Davis,94,hoopshype_edition,F,espn_opening_boxscore,Kyle Kuzma,84,hoopshype_edition,F,wikipedia_season_roster,Dwight Howard,80,hoopshype_edition,C,espn_opening_boxscore,JaVale McGee,79,hoopshype_edition,C,espn_opening_boxscore,Danny Green,77,hoopshype_edition,F,espn_opening_boxscore,Avery Bradley,76,hoopshype_edition,PG,espn_opening_boxscore,Kentavious Caldwell-Pope,76,hoopshype_edition,G,espn_opening_boxscore,Rajon Rondo,76,hoopshype_edition,G,wikipedia_season_roster,Quinn Cook,74,hoopshype_edition,PG,espn_opening_boxscore,opening_night
Memphis Grizzlies,2019-20,2020,34,39,0.46575344,Jaren Jackson Jr.,82,hoopshype_edition,F,espn_opening_boxscore,Jonas Valanciunas,81,hoopshype_edition,C,espn_opening_boxscore,Ja Morant,79,hoopshype_edition,G,espn_opening_boxscore,Jae Crowder,76,hoopshype_edition,PF,espn_opening_boxscore,Dillon Brooks,74,hoopshype_edition,F,espn_opening_boxscore,Kyle Anderson,74,hoopshype_edition,F,espn_opening_boxscore,Brandon Clarke,73,hoopshype_edition,F,espn_opening_boxscore,Tyus Jones,73,hoopshype_edition,G,espn_opening_boxscore,De'Anthony Melton,72,hoopshype_edition,G,espn_opening_boxscore,Grayson Allen,72,hoopshype_edition,G,espn_opening_boxscore,opening_night
Miami Heat,2019-20,2020,44,29,0.60273975,Jimmy Butler,88,hoopshype_edition,F,espn_opening_boxscore,Bam Adebayo,79,hoopshype_edition,C,espn_opening_boxscore,Goran Dragic,79,hoopshype_edition,PG,espn_opening_boxscore,Justise Winslow,78,hoopshype_edition,PF,espn_opening_boxscore,Kelly Olynyk,78,hoopshype_edition,F,espn_opening_boxscore,Dion Waiters,76,hoopshype_edition,SG,hoopshype_profile_fallback,Meyers Leonard,76,hoopshype_edition,C,espn_opening_boxscore,James Johnson,75,hoopshype_edition,PF,hoopshype_profile_fallback,Derrick Jones Jr.,74,hoopshype_edition,F,espn_opening_boxscore,Tyler Herro,73,hoopshype_edition,G,espn_opening_boxscore,opening_night
Milwaukee Bucks,2019-20,2020,56,17,0.7671233,Giannis Antetokounmpo,96,hoopshype_edition,F,espn_opening_boxscore,Eric Bledsoe,85,hoopshype_edition,SG,espn_opening_boxscore,Khris Middleton,85,hoopshype_edition,F,espn_opening_boxscore,Brook Lopez,79,hoopshype_edition,C,espn_opening_boxscore,Ersan Ilyasova,76,hoopshype_edition,PF,espn_opening_boxscore,Wesley Matthews,76,hoopshype_edition,SG,espn_opening_boxscore,George Hill,75,hoopshype_edition,PG,espn_opening_boxscore,Kyle Korver,75,hoopshype_edition,G,espn_opening_boxscore,Robin Lopez,75,hoopshype_edition,C,espn_opening_boxscore,Pat Connaughton,74,hoopshype_edition,G,espn_opening_boxscore,opening_night
Minnesota Timberwolves,2019-20,2020,19,45,0.296875,Karl-Anthony Towns,89,hoopshype_edition,C,espn_opening_boxscore,Robert Covington,80,hoopshype_edition,PF,espn_opening_boxscore,Andrew Wiggins,79,hoopshype_edition,F,espn_opening_boxscore,Jeff Teague,78,hoopshype_edition,PG,espn_opening_boxscore,Jarrett Culver,77,hoopshype_edition,G,espn_opening_boxscore,Gorgui Dieng,76,hoopshype_edition,C,espn_opening_boxscore,Jake Layman,75,hoopshype_edition,F,espn_opening_boxscore,Noah Vonleh,75,hoopshype_edition,PF,espn_opening_boxscore,Shabazz Napier,75,hoopshype_edition,G,espn_opening_boxscore,Jordan Bell,74,hoopshype_edition,F,espn_opening_boxscore,opening_night
New Orleans Pelicans,2019-20,2020,30,42,0.41666666,Jrue Holiday,86,hoopshype_edition,G,espn_opening_boxscore,Brandon Ingram,81,hoopshype_edition,F,espn_opening_boxscore,Derrick Favors,80,hoopshype_edition,F,espn_opening_boxscore,JJ Redick,80,hoopshype_edition,SG,espn_opening_boxscore,Lonzo Ball,79,hoopshype_edition,G,espn_opening_boxscore,Jahlil Okafor,76,hoopshype_edition,C,espn_opening_boxscore,Josh Hart,75,hoopshype_edition,G,espn_opening_boxscore,E'Twaun Moore,74,hoopshype_edition,G,espn_opening_boxscore,Jaxson Hayes,74,hoopshype_edition,C,espn_opening_boxscore,Nicolo Melli,73,hoopshype_edition,PF,espn_opening_boxscore,opening_night
New York Knicks,2019-20,2020,21,45,0.3181818,Julius Randle,83,hoopshype_edition,F,espn_opening_boxscore,Mitchell Robinson,79,hoopshype_edition,C,wikipedia_season_roster,Bobby Portis,78,hoopshype_edition,F,espn_opening_boxscore,Marcus Morris Sr.,78,hoopshype_edition,F,espn_opening_boxscore,RJ Barrett,78,hoopshype_edition,F,espn_opening_boxscore,Dennis Smith Jr.,77,hoopshype_edition,PG,espn_opening_boxscore,Taj Gibson,77,hoopshype_edition,F,espn_opening_boxscore,Elfrid Payton,76,hoopshype_edition,G,espn_opening_boxscore,Kevin Knox II,76,hoopshype_edition,F,espn_opening_boxscore,Allonzo Trier,75,hoopshype_edition,G,espn_opening_boxscore,opening_night
Oklahoma City Thunder,2019-20,2020,44,28,0.6111111,Chris Paul,85,hoopshype_edition,G,espn_opening_boxscore,Danilo Gallinari,83,hoopshype_edition,PF,espn_opening_boxscore,Steven Adams,82,hoopshype_edition,C,espn_opening_boxscore,Dennis Schroder,81,hoopshype_edition,G,espn_opening_boxscore,Shai Gilgeous-Alexander,79,hoopshype_edition,G,espn_opening_boxscore,Nerlens Noel,77,hoopshype_edition,C,espn_opening_boxscore,Mike Muscala,73,hoopshype_edition,C,espn_opening_boxscore,Terrance Ferguson,71,hoopshype_edition,SF,espn_opening_boxscore,Abdel Nader,70,hoopshype_edition,F,espn_opening_boxscore,Darius Bazley,70,hoopshype_edition,F,espn_opening_boxscore,opening_night
Orlando Magic,2019-20,2020,33,40,0.4520548,Nikola Vucevic,86,hoopshype_edition,C,espn_opening_boxscore,Aaron Gordon,81,hoopshype_edition,F,espn_opening_boxscore,Terrence Ross,79,hoopshype_edition,G,espn_opening_boxscore,Evan Fournier,78,hoopshype_edition,SG,espn_opening_boxscore,Al-Farouq Aminu,77,hoopshype_edition,SF,espn_opening_boxscore,Mo Bamba,77,hoopshype_edition,C,espn_opening_boxscore,Jonathan Isaac,76,hoopshype_edition,F,espn_opening_boxscore,Khem Birch,74,hoopshype_edition,C,espn_opening_boxscore,Markelle Fultz,74,hoopshype_edition,G,espn_opening_boxscore,Michael Carter-Williams,72,hoopshype_edition,G,espn_opening_boxscore,opening_night
Philadelphia 76ers,2019-20,2020,43,30,0.5890411,Joel Embiid,91,hoopshype_edition,C,espn_opening_boxscore,Ben Simmons,87,hoopshype_edition,PG,espn_opening_boxscore,Al Horford,85,hoopshype_edition,C,espn_opening_boxscore,Tobias Harris,85,hoopshype_edition,F,espn_opening_boxscore,Josh Richardson,80,hoopshype_edition,SG,espn_opening_boxscore,Mike Scott,75,hoopshype_edition,PF,espn_opening_boxscore,Kyle O'Quinn,74,hoopshype_edition,C,espn_opening_boxscore,Furkan Korkmaz,73,hoopshype_edition,SG,espn_opening_boxscore,James Ennis III,73,hoopshype_edition,F,espn_opening_boxscore,Jonah Bolden,73,hoopshype_edition,PF,hoopshype_profile_fallback,opening_night
Phoenix Suns,2019-20,2020,34,39,0.46575344,Devin Booker,86,hoopshype_edition,G,espn_opening_boxscore,Deandre Ayton,82,hoopshype_edition,C,espn_opening_boxscore,Kelly Oubre Jr.,78,hoopshype_edition,G,espn_opening_boxscore,Ricky Rubio,78,hoopshype_edition,PG,espn_opening_boxscore,Dario Saric,77,hoopshype_edition,F,espn_opening_boxscore,Frank Kaminsky III,76,hoopshype_edition,F,espn_opening_boxscore,Aron Baynes,75,hoopshype_edition,C,espn_opening_boxscore,Mikal Bridges,75,hoopshype_edition,G,espn_opening_boxscore,Cheick Diallo,74,hoopshype_edition,F,espn_opening_boxscore,Tyler Johnson,74,hoopshype_edition,G,espn_opening_boxscore,opening_night
Portland Trail Blazers,2019-20,2020,35,39,0.47297296,Damian Lillard,92,hoopshype_edition,G,espn_opening_boxscore,CJ McCollum,87,hoopshype_edition,G,espn_opening_boxscore,Jusuf Nurkic,83,hoopshype_edition,C,wikipedia_season_roster,Hassan Whiteside,81,hoopshype_edition,C,espn_opening_boxscore,Rodney Hood,76,hoopshype_edition,SG,espn_opening_boxscore,Kent Bazemore,75,hoopshype_edition,SF,espn_opening_boxscore,Mario Hezonja,75,hoopshype_edition,F,espn_opening_boxscore,Zach Collins,74,hoopshype_edition,F,espn_opening_boxscore,Nassir Little,73,hoopshype_edition,SF,espn_opening_boxscore,Anfernee Simons,72,hoopshype_edition,G,espn_opening_boxscore,opening_night
Sacramento Kings,2019-20,2020,31,41,0.43055555,De'Aaron Fox,86,hoopshype_edition,G,espn_opening_boxscore,Buddy Hield,84,hoopshype_edition,G,espn_opening_boxscore,Marvin Bagley III,83,hoopshype_edition,F,espn_opening_boxscore,Harrison Barnes,79,hoopshype_edition,F,espn_opening_boxscore,Bogdan Bogdanovic,78,hoopshype_edition,G,espn_opening_boxscore,Nemanja Bjelica,77,hoopshype_edition,PF,espn_opening_boxscore,Dewayne Dedmon,76,hoopshype_edition,C,espn_opening_boxscore,Trevor Ariza,76,hoopshype_edition,SF,espn_opening_boxscore,Richaun Holmes,75,hoopshype_edition,F,espn_opening_boxscore,Cory Joseph,74,hoopshype_edition,PG,espn_opening_boxscore,opening_night
San Antonio Spurs,2019-20,2020,32,39,0.45070422,DeMar DeRozan,87,hoopshype_edition,G,espn_opening_boxscore,LaMarcus Aldridge,87,hoopshype_edition,C,espn_opening_boxscore,Rudy Gay,81,hoopshype_edition,SF,espn_opening_boxscore,Dejounte Murray,78,hoopshype_edition,G,espn_opening_boxscore,Derrick White,78,hoopshype_edition,G,espn_opening_boxscore,DeMarre Carroll,77,hoopshype_edition,F,espn_opening_boxscore,Jakob Poeltl,77,hoopshype_edition,C,espn_opening_boxscore,Bryn Forbes,75,hoopshype_edition,SG,espn_opening_boxscore,Marco Belinelli,75,hoopshype_edition,G,espn_opening_boxscore,Patty Mills,75,hoopshype_edition,PG,espn_opening_boxscore,opening_night
Toronto Raptors,2019-20,2020,53,19,0.7361111,Pascal Siakam,87,hoopshype_edition,F,espn_opening_boxscore,Kyle Lowry,85,hoopshype_edition,G,espn_opening_boxscore,Marc Gasol,82,hoopshype_edition,C,espn_opening_boxscore,Serge Ibaka,81,hoopshype_edition,F,espn_opening_boxscore,Fred VanVleet,79,hoopshype_edition,G,espn_opening_boxscore,Norman Powell,74,hoopshype_edition,G,espn_opening_boxscore,OG Anunoby,73,hoopshype_edition,F,espn_opening_boxscore,Stanley Johnson,73,hoopshype_edition,SF,espn_opening_boxscore,Matt Thomas,72,hoopshype_edition,SG,espn_opening_boxscore,Chris Boucher,71,hoopshype_edition,F,espn_opening_boxscore,opening_night
Utah Jazz,2019-20,2020,44,28,0.6111111,Donovan Mitchell,88,hoopshype_edition,G,espn_opening_boxscore,Rudy Gobert,88,hoopshype_edition,C,espn_opening_boxscore,Mike Conley,87,hoopshype_edition,G,espn_opening_boxscore,Bojan Bogdanovic,83,hoopshype_edition,SF,espn_opening_boxscore,Joe Ingles,79,hoopshype_edition,F,espn_opening_boxscore,Ed Davis,77,hoopshype_edition,C,espn_opening_boxscore,Emmanuel Mudiay,76,hoopshype_edition,G,espn_opening_boxscore,Jeff Green,76,hoopshype_edition,F,espn_opening_boxscore,Dante Exum,74,hoopshype_edition,SG,hoopshype_profile_fallback,Royce O'Neale,73,hoopshype_edition,F,espn_opening_boxscore,opening_night
Washington Wizards,2019-20,2020,25,47,0.3472222,Bradley Beal,87,hoopshype_edition,G,espn_opening_boxscore,Thomas Bryant,78,hoopshype_edition,C,espn_opening_boxscore,Davis Bertans,76,hoopshype_edition,SF,espn_opening_boxscore,Isaiah Thomas,76,hoopshype_edition,G,espn_opening_boxscore,Rui Hachimura,74,hoopshype_edition,F,espn_opening_boxscore,Ian Mahinmi,73,hoopshype_edition,C,wikipedia_season_roster,Troy Brown Jr.,73,hoopshype_edition,G/F,wikipedia_season_roster,Garrison Mathews,72,hoopshype_edition,G,espn_opening_boxscore,Admiral Schofield,71,hoopshype_edition,SF,espn_opening_boxscore,Moritz Wagner,71,hoopshype_edition,F,espn_opening_boxscore,opening_night
Atlanta Hawks,2020-21,2021,41,31,0.5694444,Trae Young,88,hoopshype_edition,G,espn_opening_boxscore,John Collins,85,hoopshype_edition,F,espn_opening_boxscore,Danilo Gallinari,83,hoopshype_edition,PF,espn_opening_boxscore,Bogdan Bogdanovic,79,hoopshype_edition,G,espn_opening_boxscore,De'Andre Hunter,75,hoopshype_edition,F,espn_opening_boxscore,Kevin Huerter,75,hoopshype_edition,G,espn_opening_boxscore,Bruno Fernando,73,hoopshype_edition,F,espn_opening_boxscore,Cam Reddish,73,hoopshype_edition,SF,espn_opening_boxscore,Brandon Goodwin,71,hoopshype_edition,G,espn_opening_boxscore,Solomon Hill,71,hoopshype_edition,SF,espn_opening_boxscore,opening_night
Boston Celtics,2020-21,2021,36,36,0.5,Jayson Tatum,87,hoopshype_edition,F,espn_opening_boxscore,Kemba Walker,86,hoopshype_edition,G,wikipedia_season_roster,Jaylen Brown,84,hoopshype_edition,G,espn_opening_boxscore,Marcus Smart,80,hoopshype_edition,G,espn_opening_boxscore,Daniel Theis,79,hoopshype_edition,C,espn_opening_boxscore,Tristan Thompson,79,hoopshype_edition,C,espn_opening_boxscore,Jeff Teague,78,hoopshype_edition,PG,espn_opening_boxscore,Robert Williams,74,hoopshype_edition,C,espn_opening_boxscore,Aaron Nesmith,72,hoopshype_edition,G,espn_opening_boxscore,Javonte Green,72,hoopshype_edition,G,espn_opening_boxscore,opening_night
Brooklyn Nets,2020-21,2021,48,24,0.6666667,Kevin Durant,95,hoopshype_edition,F,espn_opening_boxscore,Kyrie Irving,90,hoopshype_edition,G,espn_opening_boxscore,Caris LeVert,83,hoopshype_edition,G,espn_opening_boxscore,Spencer Dinwiddie,83,hoopshype_edition,PG,espn_opening_boxscore,Jarrett Allen,81,hoopshype_edition,C,espn_opening_boxscore,DeAndre Jordan,80,hoopshype_edition,C,espn_opening_boxscore,Joe Harris,77,hoopshype_edition,SF,espn_opening_boxscore,Jeff Green,76,hoopshype_edition,F,espn_opening_boxscore,Bruce Brown,74,hoopshype_edition,G,espn_opening_boxscore,Landry Shamet,74,hoopshype_edition,G,espn_opening_boxscore,opening_night
Charlotte Hornets,2020-21,2021,33,39,0.45833334,Gordon Hayward,83,hoopshype_edition,SF,espn_opening_boxscore,Devonte' Graham,79,hoopshype_edition,PG,espn_opening_boxscore,Terry Rozier,79,hoopshype_edition,G,espn_opening_boxscore,Cody Zeller,78,hoopshype_edition,C,espn_opening_boxscore,LaMelo Ball,77,hoopshype_edition,G,espn_opening_boxscore,Miles Bridges,77,hoopshype_edition,F,espn_opening_boxscore,PJ Washington,77,hoopshype_edition,F,espn_opening_boxscore,Bismack Biyombo,76,hoopshype_edition,C,espn_opening_boxscore,Malik Monk,75,hoopshype_edition,G,espn_opening_boxscore,Cody Martin,72,hoopshype_edition,SF,espn_opening_boxscore,opening_night
Chicago Bulls,2020-21,2021,31,41,0.43055555,Zach LaVine,85,hoopshype_edition,G,espn_opening_boxscore,Lauri Markkanen,80,hoopshype_edition,F,espn_opening_boxscore,Wendell Carter Jr.,79,hoopshype_edition,C,espn_opening_boxscore,Otto Porter Jr.,78,hoopshype_edition,SF,espn_opening_boxscore,Coby White,77,hoopshype_edition,G,espn_opening_boxscore,Denzel Valentine,76,hoopshype_edition,G,espn_opening_boxscore,Thaddeus Young,76,hoopshype_edition,F,wikipedia_season_roster,Tomas Satoransky,76,hoopshype_edition,SG,espn_opening_boxscore,Chandler Hutchison,75,hoopshype_edition,SF,espn_opening_boxscore,Daniel Gafford,75,hoopshype_edition,F,espn_opening_boxscore,opening_night
Cleveland Cavaliers,2020-21,2021,22,50,0.30555555,Andre Drummond,85,hoopshype_edition,C,espn_opening_boxscore,Kevin Love,82,hoopshype_edition,F,wikipedia_season_roster,Collin Sexton,80,hoopshype_edition,G,espn_opening_boxscore,Larry Nance Jr.,79,hoopshype_edition,F,espn_opening_boxscore,JaVale McGee,78,hoopshype_edition,C,espn_opening_boxscore,Cedi Osman,75,hoopshype_edition,SF,espn_opening_boxscore,Isaac Okoro,75,hoopshype_edition,F,espn_opening_boxscore,Darius Garland,74,hoopshype_edition,G,espn_opening_boxscore,Thon Maker,73,hoopshype_edition,F,espn_opening_boxscore,Damyean Dotson,72,hoopshype_edition,SG,espn_opening_boxscore,opening_night
Dallas Mavericks,2020-21,2021,42,30,0.5833333,Luka Doncic,94,hoopshype_edition,G,espn_opening_boxscore,Kristaps Porzingis,87,hoopshype_edition,F/C,wikipedia_season_roster,Josh Richardson,80,hoopshype_edition,SG,espn_opening_boxscore,Tim Hardaway Jr.,78,hoopshype_edition,G,espn_opening_boxscore,Jalen Brunson,77,hoopshype_edition,G,espn_opening_boxscore,Willie Cauley-Stein,77,hoopshype_edition,C,espn_opening_boxscore,Dorian Finney-Smith,76,hoopshype_edition,F,espn_opening_boxscore,Dwight Powell,76,hoopshype_edition,F,espn_opening_boxscore,James Johnson,76,hoopshype_edition,PF,espn_opening_boxscore,Maxi Kleber,76,hoopshype_edition,F,espn_opening_boxscore,opening_night
Denver Nuggets,2020-21,2021,47,25,0.6527778,Nikola Jokic,90,hoopshype_edition,C,espn_opening_boxscore,Jamal Murray,85,hoopshype_edition,G,espn_opening_boxscore,Michael Porter Jr.,81,hoopshype_edition,F,espn_opening_boxscore,Paul Millsap,79,hoopshype_edition,PF,espn_opening_boxscore,Will Barton,79,hoopshype_edition,G,espn_opening_boxscore,Monte Morris,77,hoopshype_edition,PG,espn_opening_boxscore,Gary Harris,76,hoopshype_edition,G,espn_opening_boxscore,Facundo Campazzo,73,hoopshype_edition,G,espn_opening_boxscore,Isaiah Hartenstein,73,hoopshype_edition,C,espn_opening_boxscore,PJ Dozier,72,hoopshype_edition,G,espn_opening_boxscore,opening_night
Detroit Pistons,2020-21,2021,20,52,0.2777778,Blake Griffin,83,hoopshype_edition,PF,espn_opening_boxscore,Derrick Rose,81,hoopshype_edition,PG,espn_opening_boxscore,Jerami Grant,77,hoopshype_edition,F,espn_opening_boxscore,Mason Plumlee,77,hoopshype_edition,C,espn_opening_boxscore,Jahlil Okafor,76,hoopshype_edition,C,espn_opening_boxscore,Delon Wright,75,hoopshype_edition,G,espn_opening_boxscore,Killian Hayes,74,hoopshype_edition,G,espn_opening_boxscore,Josh Jackson,73,hoopshype_edition,SG,espn_opening_boxscore,Svi Mykhailiuk,73,hoopshype_edition,G,espn_opening_boxscore,Isaiah Stewart,72,hoopshype_edition,F,espn_opening_boxscore,opening_night
Golden State Warriors,2020-21,2021,39,33,0.5416667,Stephen Curry,95,hoopshype_edition,G,espn_opening_boxscore,Andrew Wiggins,82,hoopshype_edition,F,espn_opening_boxscore,Kelly Oubre Jr.,81,hoopshype_edition,G,espn_opening_boxscore,Draymond Green,79,hoopshype_edition,F,wikipedia_season_roster,Eric Paschall,79,hoopshype_edition,F,espn_opening_boxscore,James Wiseman,77,hoopshype_edition,C,espn_opening_boxscore,Marquese Chriss,76,hoopshype_edition,SF,espn_opening_boxscore,Damion Lee,74,hoopshype_edition,SG,espn_opening_boxscore,Kent Bazemore,74,hoopshype_edition,SF,espn_opening_boxscore,Kevon Looney,74,hoopshype_edition,F,espn_opening_boxscore,opening_night
Houston Rockets,2020-21,2021,17,55,0.2361111,James Harden,96,hoopshype_edition,G,espn_opening_boxscore,John Wall,83,hoopshype_edition,PG,espn_opening_boxscore,DeMarcus Cousins,81,hoopshype_edition,C,espn_opening_boxscore,Christian Wood,80,hoopshype_edition,F,espn_opening_boxscore,Eric Gordon,78,hoopshype_edition,G,espn_opening_boxscore,Danuel House Jr.,76,hoopshype_edition,SF,espn_opening_boxscore,P.J. Tucker,76,hoopshype_edition,PF,espn_opening_boxscore,Jae'Sean Tate,75,hoopshype_edition,F,espn_opening_boxscore,Ben McLemore,74,hoopshype_edition,SG,hoopshype_profile_fallback,David Nwaba,73,hoopshype_edition,SF,espn_opening_boxscore,opening_night
Indiana Pacers,2020-21,2021,34,38,0.4722222,Domantas Sabonis,85,hoopshype_edition,F,espn_opening_boxscore,Malcolm Brogdon,83,hoopshype_edition,G,espn_opening_boxscore,Victor Oladipo,82,hoopshype_edition,SG,espn_opening_boxscore,Myles Turner,79,hoopshype_edition,C,espn_opening_boxscore,Jeremy Lamb,77,hoopshype_edition,G/F,wikipedia_season_roster,Aaron Holiday,76,hoopshype_edition,G,espn_opening_boxscore,Doug McDermott,76,hoopshype_edition,F,espn_opening_boxscore,Justin Holiday,75,hoopshype_edition,F,espn_opening_boxscore,T.J. McConnell,75,hoopshype_edition,G,espn_opening_boxscore,Goga Bitadze,73,hoopshype_edition,C,wikipedia_season_roster,opening_night
Los Angeles Clippers,2020-21,2021,47,25,0.6527778,Kawhi Leonard,96,hoopshype_edition,F,espn_opening_boxscore,Paul George,90,hoopshype_edition,F,espn_opening_boxscore,Serge Ibaka,80,hoopshype_edition,F,espn_opening_boxscore,Ivica Zubac,78,hoopshype_edition,C,espn_opening_boxscore,Luke Kennard,78,hoopshype_edition,G,espn_opening_boxscore,Patrick Beverley,78,hoopshype_edition,PG,espn_opening_boxscore,Reggie Jackson,76,hoopshype_edition,PG,espn_opening_boxscore,Patrick Patterson,74,hoopshype_edition,PF,espn_opening_boxscore,Nicolas Batum,73,hoopshype_edition,F,espn_opening_boxscore,Mfiondu Kabengele,72,hoopshype_edition,C,espn_opening_boxscore,opening_night
Los Angeles Lakers,2020-21,2021,42,30,0.5833333,LeBron James,97,hoopshype_edition,F,espn_opening_boxscore,Anthony Davis,95,hoopshype_edition,F,espn_opening_boxscore,Montrezl Harrell,82,hoopshype_edition,C,espn_opening_boxscore,Dennis Schroder,78,hoopshype_edition,G,espn_opening_boxscore,Marc Gasol,77,hoopshype_edition,C,espn_opening_boxscore,Kyle Kuzma,76,hoopshype_edition,F,espn_opening_boxscore,Kentavious Caldwell-Pope,75,hoopshype_edition,G,espn_opening_boxscore,Markieff Morris,75,hoopshype_edition,PF,espn_opening_boxscore,Wesley Matthews,75,hoopshype_edition,SG,espn_opening_boxscore,Alex Caruso,74,hoopshype_edition,G,espn_opening_boxscore,opening_night
Memphis Grizzlies,2020-21,2021,38,34,0.5277778,Ja Morant,85,hoopshype_edition,G,espn_opening_boxscore,Jaren Jackson Jr.,83,hoopshype_edition,F/C,wikipedia_season_roster,Jonas Valanciunas,81,hoopshype_edition,C,espn_opening_boxscore,Brandon Clarke,80,hoopshype_edition,F,espn_opening_boxscore,Dillon Brooks,77,hoopshype_edition,F,espn_opening_boxscore,Tyus Jones,76,hoopshype_edition,G,espn_opening_boxscore,De'Anthony Melton,75,hoopshype_edition,G,espn_opening_boxscore,Kyle Anderson,75,hoopshype_edition,F,espn_opening_boxscore,Gorgui Dieng,74,hoopshype_edition,C,espn_opening_boxscore,Grayson Allen,72,hoopshype_edition,G,espn_opening_boxscore,opening_night
Miami Heat,2020-21,2021,40,32,0.5555556,Jimmy Butler,89,hoopshype_edition,F,espn_opening_boxscore,Bam Adebayo,86,hoopshype_edition,C,espn_opening_boxscore,Goran Dragic,79,hoopshype_edition,PG,espn_opening_boxscore,Duncan Robinson,78,hoopshype_edition,F,espn_opening_boxscore,Tyler Herro,78,hoopshype_edition,G,espn_opening_boxscore,Andre Iguodala,76,hoopshype_edition,F,espn_opening_boxscore,Kelly Olynyk,76,hoopshype_edition,F,espn_opening_boxscore,Kendrick Nunn,76,hoopshype_edition,G,espn_opening_boxscore,Meyers Leonard,75,hoopshype_edition,C,espn_opening_boxscore,Avery Bradley,74,hoopshype_edition,PG,espn_opening_boxscore,opening_night
Milwaukee Bucks,2020-21,2021,46,26,0.6388889,Giannis Antetokounmpo,97,hoopshype_edition,F,espn_opening_boxscore,Khris Middleton,86,hoopshype_edition,F,espn_opening_boxscore,Jrue Holiday,83,hoopshype_edition,G,espn_opening_boxscore,Brook Lopez,82,hoopshype_edition,C,espn_opening_boxscore,Bobby Portis,77,hoopshype_edition,F,espn_opening_boxscore,Donte DiVincenzo,77,hoopshype_edition,G,espn_opening_boxscore,Bryn Forbes,74,hoopshype_edition,SG,espn_opening_boxscore,Torrey Craig,74,hoopshype_edition,SF,espn_opening_boxscore,Pat Connaughton,73,hoopshype_edition,G,espn_opening_boxscore,Thanasis Antetokounmpo,70,hoopshype_edition,F,espn_opening_boxscore,opening_night
Minnesota Timberwolves,2020-21,2021,23,49,0.31944445,Karl-Anthony Towns,90,hoopshype_edition,C,espn_opening_boxscore,D'Angelo Russell,84,hoopshype_edition,G,espn_opening_boxscore,Ricky Rubio,79,hoopshype_edition,PG,espn_opening_boxscore,Anthony Edwards,77,hoopshype_edition,G,espn_opening_boxscore,Malik Beasley,77,hoopshype_edition,SG,espn_opening_boxscore,Jarrett Culver,74,hoopshype_edition,G,espn_opening_boxscore,Josh Okogie,74,hoopshype_edition,G,espn_opening_boxscore,Juancho Hernangomez,74,hoopshype_edition,PF,espn_opening_boxscore,Jake Layman,73,hoopshype_edition,F,espn_opening_boxscore,Ed Davis,72,hoopshype_edition,C,espn_opening_boxscore,opening_night
New Orleans Pelicans,2020-21,2021,31,41,0.43055555,Brandon Ingram,86,hoopshype_edition,F,espn_opening_boxscore,Zion Williamson,86,hoopshype_edition,F,espn_opening_boxscore,Eric Bledsoe,83,hoopshype_edition,SG,espn_opening_boxscore,Steven Adams,82,hoopshype_edition,C,espn_opening_boxscore,JJ Redick,78,hoopshype_edition,SG,espn_opening_boxscore,Lonzo Ball,77,hoopshype_edition,G,espn_opening_boxscore,Jaxson Hayes,76,hoopshype_edition,C,espn_opening_boxscore,Josh Hart,75,hoopshype_edition,G,espn_opening_boxscore,Nicolo Melli,75,hoopshype_edition,PF,espn_opening_boxscore,Willy Hernangomez,75,hoopshype_edition,C,espn_opening_boxscore,opening_night
New York Knicks,2020-21,2021,41,31,0.5694444,Mitchell Robinson,81,hoopshype_edition,C,espn_opening_boxscore,Julius Randle,80,hoopshype_edition,F,espn_opening_boxscore,Alec Burks,77,hoopshype_edition,SG,espn_opening_boxscore,Elfrid Payton,77,hoopshype_edition,G,espn_opening_boxscore,Taj Gibson,77,hoopshype_edition,F,wikipedia_season_roster,Nerlens Noel,76,hoopshype_edition,C,espn_opening_boxscore,Obi Toppin,76,hoopshype_edition,F,espn_opening_boxscore,RJ Barrett,75,hoopshype_edition,F,espn_opening_boxscore,Frank Ntilikina,73,hoopshype_edition,PG,espn_opening_boxscore,Dennis Smith Jr.,72,hoopshype_edition,PG,espn_opening_boxscore,opening_night
Oklahoma City Thunder,2020-21,2021,22,50,0.30555555,Shai Gilgeous-Alexander,84,hoopshype_edition,G,espn_opening_boxscore,Al Horford,80,hoopshype_edition,C,espn_opening_boxscore,George Hill,77,hoopshype_edition,PG,espn_opening_boxscore,Luguentz Dort,74,hoopshype_edition,G,espn_opening_boxscore,Darius Bazley,73,hoopshype_edition,F,espn_opening_boxscore,Mike Muscala,73,hoopshype_edition,C,espn_opening_boxscore,Aleksej Pokusevski,72,hoopshype_edition,F,espn_opening_boxscore,Darius Miller,72,hoopshype_edition,SF,espn_opening_boxscore,Justin Jackson,72,hoopshype_edition,F,espn_opening_boxscore,Kenrich Williams,71,hoopshype_edition,G,espn_opening_boxscore,opening_night
Orlando Magic,2020-21,2021,21,51,0.29166666,Nikola Vucevic,86,hoopshype_edition,C,espn_opening_boxscore,Aaron Gordon,80,hoopshype_edition,F,espn_opening_boxscore,Evan Fournier,80,hoopshype_edition,SG,espn_opening_boxscore,Terrence Ross,78,hoopshype_edition,G,espn_opening_boxscore,Markelle Fultz,77,hoopshype_edition,G,espn_opening_boxscore,Michael Carter-Williams,76,hoopshype_edition,G,espn_opening_boxscore,Mo Bamba,76,hoopshype_edition,C,espn_opening_boxscore,Al-Farouq Aminu,75,hoopshype_edition,PF,hoopshype_profile_fallback,Chuma Okeke,72,hoopshype_edition,F,espn_opening_boxscore,Cole Anthony,72,hoopshype_edition,G,espn_opening_boxscore,opening_night
Philadelphia 76ers,2020-21,2021,49,23,0.6805556,Joel Embiid,91,hoopshype_edition,C,espn_opening_boxscore,Ben Simmons,87,hoopshype_edition,PG,espn_opening_boxscore,Tobias Harris,84,hoopshype_edition,F,espn_opening_boxscore,Dwight Howard,78,hoopshype_edition,C,espn_opening_boxscore,Seth Curry,78,hoopshype_edition,G,espn_opening_boxscore,Danny Green,76,hoopshype_edition,F,espn_opening_boxscore,Furkan Korkmaz,75,hoopshype_edition,SG,espn_opening_boxscore,Matisse Thybulle,75,hoopshype_edition,G,espn_opening_boxscore,Shake Milton,75,hoopshype_edition,SG,espn_opening_boxscore,Tony Bradley,75,hoopshype_edition,C,espn_opening_boxscore,opening_night
Phoenix Suns,2020-21,2021,51,21,0.7083333,Chris Paul,88,hoopshype_edition,G,espn_opening_boxscore,Devin Booker,87,hoopshype_edition,G,espn_opening_boxscore,Deandre Ayton,84,hoopshype_edition,C,espn_opening_boxscore,Jae Crowder,77,hoopshype_edition,PF,espn_opening_boxscore,Mikal Bridges,77,hoopshype_edition,G,espn_opening_boxscore,Cameron Johnson,76,hoopshype_edition,F,espn_opening_boxscore,Dario Saric,76,hoopshype_edition,F,espn_opening_boxscore,Frank Kaminsky III,75,hoopshype_edition,F/C,wikipedia_season_roster,Langston Galloway,75,hoopshype_edition,SG,espn_opening_boxscore,Cameron Payne,74,hoopshype_edition,PG,espn_opening_boxscore,opening_night
Portland Trail Blazers,2020-21,2021,42,30,0.5833333,Damian Lillard,94,hoopshype_edition,G,espn_opening_boxscore,CJ McCollum,84,hoopshype_edition,G,espn_opening_boxscore,Jusuf Nurkic,84,hoopshype_edition,C,espn_opening_boxscore,Robert Covington,79,hoopshype_edition,PF,espn_opening_boxscore,Carmelo Anthony,78,hoopshype_edition,PF,espn_opening_boxscore,Gary Trent Jr.,77,hoopshype_edition,G,espn_opening_boxscore,Rodney Hood,76,hoopshype_edition,SG,espn_opening_boxscore,Derrick Jones Jr.,75,hoopshype_edition,F,espn_opening_boxscore,Harry Giles III,75,hoopshype_edition,PF,espn_opening_boxscore,Anfernee Simons,72,hoopshype_edition,G,wikipedia_season_roster,opening_night
Sacramento Kings,2020-21,2021,31,41,0.43055555,De'Aaron Fox,85,hoopshype_edition,G,espn_opening_boxscore,Hassan Whiteside,83,hoopshype_edition,C,espn_opening_boxscore,Buddy Hield,81,hoopshype_edition,G,espn_opening_boxscore,Marvin Bagley III,81,hoopshype_edition,F,espn_opening_boxscore,Harrison Barnes,78,hoopshype_edition,F,espn_opening_boxscore,Nemanja Bjelica,78,hoopshype_edition,PF,espn_opening_boxscore,Richaun Holmes,78,hoopshype_edition,F,espn_opening_boxscore,Glenn Robinson III,75,hoopshype_edition,F,espn_opening_boxscore,Tyrese Haliburton,74,hoopshype_edition,G,espn_opening_boxscore,Cory Joseph,73,hoopshype_edition,PG,espn_opening_boxscore,opening_night
San Antonio Spurs,2020-21,2021,33,39,0.45833334,DeMar DeRozan,86,hoopshype_edition,G,espn_opening_boxscore,LaMarcus Aldridge,84,hoopshype_edition,C,espn_opening_boxscore,Dejounte Murray,80,hoopshype_edition,G,espn_opening_boxscore,Derrick White,79,hoopshype_edition,G,wikipedia_season_roster,Rudy Gay,79,hoopshype_edition,SF,espn_opening_boxscore,Patty Mills,77,hoopshype_edition,PG,espn_opening_boxscore,Jakob Poeltl,76,hoopshype_edition,C,espn_opening_boxscore,Keldon Johnson,76,hoopshype_edition,F,espn_opening_boxscore,Trey Lyles,75,hoopshype_edition,F,espn_opening_boxscore,Devin Vassell,74,hoopshype_edition,G,espn_opening_boxscore,opening_night
Toronto Raptors,2020-21,2021,27,45,0.375,Pascal Siakam,88,hoopshype_edition,F,espn_opening_boxscore,Kyle Lowry,87,hoopshype_edition,G,espn_opening_boxscore,Fred VanVleet,85,hoopshype_edition,G,espn_opening_boxscore,OG Anunoby,79,hoopshype_edition,F,espn_opening_boxscore,Aron Baynes,78,hoopshype_edition,C,espn_opening_boxscore,Chris Boucher,77,hoopshype_edition,F,espn_opening_boxscore,Norman Powell,77,hoopshype_edition,G,espn_opening_boxscore,Alex Len,76,hoopshype_edition,C,espn_opening_boxscore,Terence Davis,76,hoopshype_edition,G,espn_opening_boxscore,Matt Thomas,74,hoopshype_edition,SG,espn_opening_boxscore,opening_night
Utah Jazz,2020-21,2021,52,20,0.7222222,Donovan Mitchell,88,hoopshype_edition,G,espn_opening_boxscore,Rudy Gobert,87,hoopshype_edition,C,espn_opening_boxscore,Bojan Bogdanovic,81,hoopshype_edition,SF,espn_opening_boxscore,Mike Conley,79,hoopshype_edition,G,espn_opening_boxscore,Joe Ingles,78,hoopshype_edition,F,espn_opening_boxscore,Jordan Clarkson,78,hoopshype_edition,G,espn_opening_boxscore,Derrick Favors,77,hoopshype_edition,F,espn_opening_boxscore,Royce O'Neale,74,hoopshype_edition,F,espn_opening_boxscore,Georges Niang,73,hoopshype_edition,F,espn_opening_boxscore,Shaquille Harrison,73,hoopshype_edition,G,espn_opening_boxscore,opening_night
Washington Wizards,2020-21,2021,34,38,0.4722222,Bradley Beal,88,hoopshype_edition,G,espn_opening_boxscore,Russell Westbrook,88,hoopshype_edition,G,espn_opening_boxscore,Davis Bertans,79,hoopshype_edition,SF,espn_opening_boxscore,Rui Hachimura,79,hoopshype_edition,F,wikipedia_season_roster,Thomas Bryant,79,hoopshype_edition,C,espn_opening_boxscore,Troy Brown Jr.,78,hoopshype_edition,F,espn_opening_boxscore,Moritz Wagner,76,hoopshype_edition,F,espn_opening_boxscore,Deni Avdija,75,hoopshype_edition,F,espn_opening_boxscore,Jerome Robinson,73,hoopshype_edition,SG,espn_opening_boxscore,Raul Neto,73,hoopshype_edition,PG,espn_opening_boxscore,opening_night
Atlanta Hawks,2021-22,2022,43,39,0.5243902,Trae Young,89,hoopshype_edition,G,espn_opening_boxscore,Clint Capela,86,hoopshype_edition,C,espn_opening_boxscore,John Collins,84,hoopshype_edition,F,espn_opening_boxscore,Bogdan Bogdanovic,80,hoopshype_edition,G,espn_opening_boxscore,De'Andre Hunter,80,hoopshype_edition,F,espn_opening_boxscore,Danilo Gallinari,79,hoopshype_edition,F,wikipedia_season_roster,Kevin Huerter,77,hoopshype_edition,G,espn_opening_boxscore,Cam Reddish,76,hoopshype_edition,SF,espn_opening_boxscore,Delon Wright,76,hoopshype_edition,G,espn_opening_boxscore,Gorgui Dieng,74,hoopshype_edition,C,espn_opening_boxscore,opening_night
Boston Celtics,2021-22,2022,51,31,0.6219512,Jayson Tatum,90,hoopshype_edition,F,espn_opening_boxscore,Jaylen Brown,86,hoopshype_edition,G,espn_opening_boxscore,Dennis Schroder,80,hoopshype_edition,G,espn_opening_boxscore,Marcus Smart,79,hoopshype_edition,G,espn_opening_boxscore,Robert Williams,79,hoopshype_edition,C,espn_opening_boxscore,Daniel Theis,76,hoopshype_edition,C,wikipedia_season_roster,Payton Pritchard,76,hoopshype_edition,G,espn_opening_boxscore,Juancho Hernangomez,75,hoopshype_edition,PF,espn_opening_boxscore,Jabari Parker,73,hoopshype_edition,PF,espn_opening_boxscore,Aaron Nesmith,72,hoopshype_edition,G,espn_opening_boxscore,opening_night
Brooklyn Nets,2021-22,2022,44,38,0.5365854,Kevin Durant,96,hoopshype_edition,F,espn_opening_boxscore,James Harden,94,hoopshype_edition,G,espn_opening_boxscore,Kyrie Irving,91,hoopshype_edition,G,wikipedia_season_roster,Joe Harris,79,hoopshype_edition,SF,espn_opening_boxscore,LaMarcus Aldridge,79,hoopshype_edition,C,espn_opening_boxscore,Blake Griffin,78,hoopshype_edition,PF,espn_opening_boxscore,Paul Millsap,78,hoopshype_edition,PF,espn_opening_boxscore,Bruce Brown,77,hoopshype_edition,G,espn_opening_boxscore,Patty Mills,77,hoopshype_edition,PG,espn_opening_boxscore,Nic Claxton,76,hoopshype_edition,C,espn_opening_boxscore,opening_night
Charlotte Hornets,2021-22,2022,43,39,0.5243902,LaMelo Ball,84,hoopshype_edition,G,espn_opening_boxscore,Gordon Hayward,83,hoopshype_edition,SF,espn_opening_boxscore,Terry Rozier,82,hoopshype_edition,G,wikipedia_season_roster,Mason Plumlee,79,hoopshype_edition,C,espn_opening_boxscore,Miles Bridges,78,hoopshype_edition,F,espn_opening_boxscore,PJ Washington,78,hoopshype_edition,F,espn_opening_boxscore,Kelly Oubre Jr.,77,hoopshype_edition,G,espn_opening_boxscore,Jalen McDaniels,74,hoopshype_edition,F,espn_opening_boxscore,James Bouknight,74,hoopshype_edition,SG,espn_opening_boxscore,Cody Martin,72,hoopshype_edition,SF,espn_opening_boxscore,opening_night
Chicago Bulls,2021-22,2022,46,36,0.5609756,Zach LaVine,87,hoopshype_edition,G,espn_opening_boxscore,DeMar DeRozan,85,hoopshype_edition,G,espn_opening_boxscore,Nikola Vucevic,85,hoopshype_edition,C,espn_opening_boxscore,Lonzo Ball,82,hoopshype_edition,G,espn_opening_boxscore,Coby White,78,hoopshype_edition,G,wikipedia_season_roster,Alex Caruso,76,hoopshype_edition,G,espn_opening_boxscore,Patrick Williams,75,hoopshype_edition,F,espn_opening_boxscore,Alize Johnson,74,hoopshype_edition,F,espn_opening_boxscore,Derrick Jones Jr.,74,hoopshype_edition,F,espn_opening_boxscore,Tony Bradley,74,hoopshype_edition,C,espn_opening_boxscore,opening_night
Cleveland Cavaliers,2021-22,2022,44,38,0.5365854,Collin Sexton,82,hoopshype_edition,G,espn_opening_boxscore,Darius Garland,82,hoopshype_edition,G,espn_opening_boxscore,Jarrett Allen,82,hoopshype_edition,C,espn_opening_boxscore,Lauri Markkanen,79,hoopshype_edition,F,espn_opening_boxscore,Evan Mobley,78,hoopshype_edition,C,espn_opening_boxscore,Kevin Love,78,hoopshype_edition,F,espn_opening_boxscore,Ricky Rubio,78,hoopshype_edition,PG,espn_opening_boxscore,Isaac Okoro,74,hoopshype_edition,F,espn_opening_boxscore,Dylan Windler,73,hoopshype_edition,G/F,wikipedia_season_roster,Cedi Osman,72,hoopshype_edition,SF,espn_opening_boxscore,opening_night
Dallas Mavericks,2021-22,2022,52,30,0.63414633,Luka Doncic,94,hoopshype_edition,G,espn_opening_boxscore,Kristaps Porzingis,84,hoopshype_edition,C,espn_opening_boxscore,Tim Hardaway Jr.,79,hoopshype_edition,G,espn_opening_boxscore,Jalen Brunson,78,hoopshype_edition,G,espn_opening_boxscore,Moses Brown,77,hoopshype_edition,C,espn_opening_boxscore,Dorian Finney-Smith,76,hoopshype_edition,F,espn_opening_boxscore,Maxi Kleber,76,hoopshype_edition,F,espn_opening_boxscore,Dwight Powell,75,hoopshype_edition,F,espn_opening_boxscore,Trey Burke,75,hoopshype_edition,PG,espn_opening_boxscore,Willie Cauley-Stein,75,hoopshype_edition,C,espn_opening_boxscore,opening_night
Denver Nuggets,2021-22,2022,48,34,0.58536583,Nikola Jokic,95,hoopshype_edition,C,espn_opening_boxscore,Michael Porter Jr.,84,hoopshype_edition,F,espn_opening_boxscore,Aaron Gordon,78,hoopshype_edition,F,espn_opening_boxscore,Monte Morris,78,hoopshype_edition,PG,espn_opening_boxscore,Facundo Campazzo,77,hoopshype_edition,G,espn_opening_boxscore,Will Barton,77,hoopshype_edition,G,espn_opening_boxscore,JaMychal Green,76,hoopshype_edition,F,espn_opening_boxscore,Jeff Green,76,hoopshype_edition,F,espn_opening_boxscore,Austin Rivers,74,hoopshype_edition,SG,espn_opening_boxscore,PJ Dozier,72,hoopshype_edition,G,espn_opening_boxscore,opening_night
Detroit Pistons,2021-22,2022,23,59,0.2804878,Jerami Grant,82,hoopshype_edition,F,espn_opening_boxscore,Isaiah Stewart,78,hoopshype_edition,F,espn_opening_boxscore,Kelly Olynyk,78,hoopshype_edition,F,espn_opening_boxscore,Saddiq Bey,78,hoopshype_edition,G,espn_opening_boxscore,Cory Joseph,75,hoopshype_edition,PG,espn_opening_boxscore,Josh Jackson,75,hoopshype_edition,SG,espn_opening_boxscore,Saben Lee,75,hoopshype_edition,G,espn_opening_boxscore,Frank Jackson,74,hoopshype_edition,G,espn_opening_boxscore,Rodney McGruder,73,hoopshype_edition,G,espn_opening_boxscore,Trey Lyles,73,hoopshype_edition,F,espn_opening_boxscore,opening_night
Golden State Warriors,2021-22,2022,53,29,0.64634144,Stephen Curry,96,hoopshype_edition,G,espn_opening_boxscore,Andrew Wiggins,80,hoopshype_edition,F,espn_opening_boxscore,Draymond Green,80,hoopshype_edition,F,espn_opening_boxscore,Otto Porter Jr.,77,hoopshype_edition,SF,espn_opening_boxscore,Jordan Poole,76,hoopshype_edition,G,espn_opening_boxscore,Juan Toscano-Anderson,75,hoopshype_edition,F,espn_opening_boxscore,Nemanja Bjelica,75,hoopshype_edition,PF,espn_opening_boxscore,Andre Iguodala,73,hoopshype_edition,F,espn_opening_boxscore,Damion Lee,73,hoopshype_edition,SG,espn_opening_boxscore,Kevon Looney,73,hoopshype_edition,F,espn_opening_boxscore,opening_night
Houston Rockets,2021-22,2022,20,62,0.24390244,Christian Wood,83,hoopshype_edition,F,espn_opening_boxscore,Jalen Green,79,hoopshype_edition,G,espn_opening_boxscore,Eric Gordon,78,hoopshype_edition,G,espn_opening_boxscore,Jae'Sean Tate,77,hoopshype_edition,F,espn_opening_boxscore,Kevin Porter Jr.,77,hoopshype_edition,G,espn_opening_boxscore,Daniel Theis,76,hoopshype_edition,C,espn_opening_boxscore,David Nwaba,76,hoopshype_edition,SF,espn_opening_boxscore,KJ Martin,76,hoopshype_edition,F,espn_opening_boxscore,Alperen Sengun,73,hoopshype_edition,C,espn_opening_boxscore,Danuel House Jr.,72,hoopshype_edition,SF,hoopshype_profile_fallback,opening_night
Indiana Pacers,2021-22,2022,25,57,0.30487806,Domantas Sabonis,86,hoopshype_edition,F,espn_opening_boxscore,Malcolm Brogdon,82,hoopshype_edition,G,espn_opening_boxscore,Myles Turner,79,hoopshype_edition,C,espn_opening_boxscore,Jeremy Lamb,78,hoopshype_edition,SG,espn_opening_boxscore,T.J. McConnell,78,hoopshype_edition,G,espn_opening_boxscore,Oshae Brissett,76,hoopshype_edition,SF,espn_opening_boxscore,Torrey Craig,76,hoopshype_edition,SF,espn_opening_boxscore,Goga Bitadze,74,hoopshype_edition,C,espn_opening_boxscore,Chris Duarte,73,hoopshype_edition,SG,espn_opening_boxscore,Justin Holiday,73,hoopshype_edition,F,espn_opening_boxscore,opening_night
Los Angeles Clippers,2021-22,2022,42,40,0.5121951,Paul George,88,hoopshype_edition,F,espn_opening_boxscore,Reggie Jackson,80,hoopshype_edition,PG,espn_opening_boxscore,Serge Ibaka,79,hoopshype_edition,PF,hoopshype_profile_fallback,Ivica Zubac,78,hoopshype_edition,C,espn_opening_boxscore,Marcus Morris Sr.,78,hoopshype_edition,F,espn_opening_boxscore,Nicolas Batum,77,hoopshype_edition,G/F,wikipedia_season_roster,Terance Mann,77,hoopshype_edition,G,espn_opening_boxscore,Eric Bledsoe,76,hoopshype_edition,SG,espn_opening_boxscore,Amir Coffey,75,hoopshype_edition,G,espn_opening_boxscore,Isaiah Hartenstein,75,hoopshype_edition,C,espn_opening_boxscore,opening_night
Los Angeles Lakers,2021-22,2022,33,49,0.40243903,LeBron James,96,hoopshype_edition,F,espn_opening_boxscore,Anthony Davis,93,hoopshype_edition,F,espn_opening_boxscore,Russell Westbrook,86,hoopshype_edition,G,espn_opening_boxscore,Carmelo Anthony,78,hoopshype_edition,PF,espn_opening_boxscore,DeAndre Jordan,76,hoopshype_edition,C,espn_opening_boxscore,Dwight Howard,76,hoopshype_edition,C,espn_opening_boxscore,Malik Monk,76,hoopshype_edition,G,espn_opening_boxscore,Rajon Rondo,76,hoopshype_edition,PG,espn_opening_boxscore,Talen Horton-Tucker,76,hoopshype_edition,G,wikipedia_season_roster,Kent Bazemore,74,hoopshype_edition,SF,espn_opening_boxscore,opening_night
Memphis Grizzlies,2021-22,2022,56,26,0.68292683,Ja Morant,85,hoopshype_edition,G,espn_opening_boxscore,Jaren Jackson Jr.,83,hoopshype_edition,F,espn_opening_boxscore,Kyle Anderson,79,hoopshype_edition,F,espn_opening_boxscore,Steven Adams,79,hoopshype_edition,C,espn_opening_boxscore,Dillon Brooks,78,hoopshype_edition,G/F,wikipedia_season_roster,Brandon Clarke,77,hoopshype_edition,F,espn_opening_boxscore,Desmond Bane,76,hoopshype_edition,G,espn_opening_boxscore,Xavier Tillman,76,hoopshype_edition,F,espn_opening_boxscore,De'Anthony Melton,75,hoopshype_edition,G,espn_opening_boxscore,Tyus Jones,75,hoopshype_edition,G,espn_opening_boxscore,opening_night
Miami Heat,2021-22,2022,53,29,0.64634144,Jimmy Butler,91,hoopshype_edition,F,espn_opening_boxscore,Bam Adebayo,86,hoopshype_edition,C,espn_opening_boxscore,Kyle Lowry,83,hoopshype_edition,G,espn_opening_boxscore,Tyler Herro,79,hoopshype_edition,G,espn_opening_boxscore,Duncan Robinson,78,hoopshype_edition,F,espn_opening_boxscore,Dewayne Dedmon,74,hoopshype_edition,C,espn_opening_boxscore,P.J. Tucker,74,hoopshype_edition,PF,espn_opening_boxscore,Max Strus,73,hoopshype_edition,G,espn_opening_boxscore,Markieff Morris,72,hoopshype_edition,PF,espn_opening_boxscore,Omer Yurtseven,72,hoopshype_edition,C,espn_opening_boxscore,opening_night
Milwaukee Bucks,2021-22,2022,51,31,0.6219512,Giannis Antetokounmpo,96,hoopshype_edition,F,espn_opening_boxscore,Khris Middleton,88,hoopshype_edition,F,espn_opening_boxscore,Jrue Holiday,85,hoopshype_edition,G,espn_opening_boxscore,Bobby Portis,79,hoopshype_edition,F/C,wikipedia_season_roster,Brook Lopez,79,hoopshype_edition,C,espn_opening_boxscore,Donte DiVincenzo,79,hoopshype_edition,SG,hoopshype_profile_fallback,George Hill,75,hoopshype_edition,PG,espn_opening_boxscore,Grayson Allen,75,hoopshype_edition,G,espn_opening_boxscore,Jordan Nwora,73,hoopshype_edition,SF,espn_opening_boxscore,Pat Connaughton,73,hoopshype_edition,G,espn_opening_boxscore,opening_night
Minnesota Timberwolves,2021-22,2022,46,36,0.5609756,Karl-Anthony Towns,87,hoopshype_edition,C,espn_opening_boxscore,D'Angelo Russell,83,hoopshype_edition,G,espn_opening_boxscore,Anthony Edwards,81,hoopshype_edition,G,espn_opening_boxscore,Malik Beasley,80,hoopshype_edition,SG,espn_opening_boxscore,Jarred Vanderbilt,79,hoopshype_edition,F,espn_opening_boxscore,Naz Reid,76,hoopshype_edition,C,espn_opening_boxscore,Patrick Beverley,76,hoopshype_edition,PG,espn_opening_boxscore,Jaden McDaniels,75,hoopshype_edition,F,espn_opening_boxscore,Jordan McLaughlin,75,hoopshype_edition,G,espn_opening_boxscore,Jaylen Nowell,74,hoopshype_edition,G,espn_opening_boxscore,opening_night
New Orleans Pelicans,2021-22,2022,36,46,0.4390244,Brandon Ingram,84,hoopshype_edition,F,espn_opening_boxscore,Jonas Valanciunas,83,hoopshype_edition,C,espn_opening_boxscore,Devonte' Graham,78,hoopshype_edition,PG,espn_opening_boxscore,Josh Hart,77,hoopshype_edition,G,espn_opening_boxscore,Jaxson Hayes,76,hoopshype_edition,C,espn_opening_boxscore,Nickeil Alexander-Walker,75,hoopshype_edition,G,espn_opening_boxscore,Tomas Satoransky,75,hoopshype_edition,SG,espn_opening_boxscore,Willy Hernangomez,75,hoopshype_edition,C,espn_opening_boxscore,Garrett Temple,72,hoopshype_edition,G,espn_opening_boxscore,Kira Lewis Jr.,72,hoopshype_edition,G,espn_opening_boxscore,opening_night
New York Knicks,2021-22,2022,37,45,0.4512195,Julius Randle,87,hoopshype_edition,F,espn_opening_boxscore,Derrick Rose,83,hoopshype_edition,PG,espn_opening_boxscore,Kemba Walker,83,hoopshype_edition,PG,espn_opening_boxscore,RJ Barrett,83,hoopshype_edition,F,espn_opening_boxscore,Mitchell Robinson,80,hoopshype_edition,C,espn_opening_boxscore,Evan Fournier,79,hoopshype_edition,SG,espn_opening_boxscore,Immanuel Quickley,78,hoopshype_edition,G,espn_opening_boxscore,Nerlens Noel,78,hoopshype_edition,F/C,wikipedia_season_roster,Alec Burks,77,hoopshype_edition,SG,espn_opening_boxscore,Obi Toppin,76,hoopshype_edition,F,espn_opening_boxscore,opening_night
Oklahoma City Thunder,2021-22,2022,24,58,0.29268292,Shai Gilgeous-Alexander,86,hoopshype_edition,G,espn_opening_boxscore,Luguentz Dort,78,hoopshype_edition,G,espn_opening_boxscore,Derrick Favors,77,hoopshype_edition,F,espn_opening_boxscore,Darius Bazley,75,hoopshype_edition,F,espn_opening_boxscore,Josh Giddey,75,hoopshype_edition,G,espn_opening_boxscore,Ty Jerome,75,hoopshype_edition,G,espn_opening_boxscore,Aleksej Pokusevski,74,hoopshype_edition,F,espn_opening_boxscore,Gabriel Deck,74,hoopshype_edition,SF,espn_opening_boxscore,Isaiah Roby,74,hoopshype_edition,PF,espn_opening_boxscore,Kenrich Williams,74,hoopshype_edition,G,espn_opening_boxscore,opening_night
Orlando Magic,2021-22,2022,22,60,0.2682927,Wendell Carter Jr.,80,hoopshype_edition,C,espn_opening_boxscore,Terrence Ross,78,hoopshype_edition,G,espn_opening_boxscore,Cole Anthony,77,hoopshype_edition,G,espn_opening_boxscore,Jalen Suggs,77,hoopshype_edition,G,espn_opening_boxscore,Markelle Fultz,77,hoopshype_edition,G,wikipedia_season_roster,Mo Bamba,76,hoopshype_edition,C,espn_opening_boxscore,Robin Lopez,76,hoopshype_edition,C,espn_opening_boxscore,Chuma Okeke,75,hoopshype_edition,F,wikipedia_season_roster,Franz Wagner,74,hoopshype_edition,F,espn_opening_boxscore,Moritz Wagner,74,hoopshype_edition,F,espn_opening_boxscore,opening_night
Philadelphia 76ers,2021-22,2022,51,31,0.6219512,Joel Embiid,95,hoopshype_edition,C,espn_opening_boxscore,Tobias Harris,85,hoopshype_edition,F,espn_opening_boxscore,Andre Drummond,79,hoopshype_edition,C,espn_opening_boxscore,Danny Green,77,hoopshype_edition,F,espn_opening_boxscore,Seth Curry,77,hoopshype_edition,G,espn_opening_boxscore,Shake Milton,76,hoopshype_edition,G,wikipedia_season_roster,Tyrese Maxey,76,hoopshype_edition,G,espn_opening_boxscore,Furkan Korkmaz,75,hoopshype_edition,SG,espn_opening_boxscore,Matisse Thybulle,75,hoopshype_edition,G,espn_opening_boxscore,Georges Niang,73,hoopshype_edition,F,espn_opening_boxscore,opening_night
Phoenix Suns,2021-22,2022,64,18,0.7804878,Chris Paul,90,hoopshype_edition,G,espn_opening_boxscore,Devin Booker,90,hoopshype_edition,G,espn_opening_boxscore,Deandre Ayton,86,hoopshype_edition,C,espn_opening_boxscore,Mikal Bridges,82,hoopshype_edition,G,espn_opening_boxscore,Cameron Johnson,77,hoopshype_edition,F,espn_opening_boxscore,Jae Crowder,77,hoopshype_edition,PF,espn_opening_boxscore,Cameron Payne,76,hoopshype_edition,PG,espn_opening_boxscore,Frank Kaminsky III,76,hoopshype_edition,F,espn_opening_boxscore,JaVale McGee,76,hoopshype_edition,C,espn_opening_boxscore,Abdel Nader,75,hoopshype_edition,F,espn_opening_boxscore,opening_night
Portland Trail Blazers,2021-22,2022,27,55,0.3292683,Damian Lillard,94,hoopshype_edition,G,espn_opening_boxscore,CJ McCollum,85,hoopshype_edition,G,espn_opening_boxscore,Jusuf Nurkic,81,hoopshype_edition,C,espn_opening_boxscore,Norman Powell,80,hoopshype_edition,G,espn_opening_boxscore,Cody Zeller,78,hoopshype_edition,C,espn_opening_boxscore,Robert Covington,78,hoopshype_edition,PF,espn_opening_boxscore,Larry Nance Jr.,77,hoopshype_edition,F,espn_opening_boxscore,Anfernee Simons,75,hoopshype_edition,G,espn_opening_boxscore,Nassir Little,73,hoopshype_edition,SF,espn_opening_boxscore,Dennis Smith Jr.,72,hoopshype_edition,PG,espn_opening_boxscore,opening_night
Sacramento Kings,2021-22,2022,30,52,0.36585367,De'Aaron Fox,85,hoopshype_edition,G,espn_opening_boxscore,Tyrese Haliburton,81,hoopshype_edition,G,espn_opening_boxscore,Buddy Hield,79,hoopshype_edition,G,espn_opening_boxscore,Richaun Holmes,79,hoopshype_edition,F,espn_opening_boxscore,Harrison Barnes,78,hoopshype_edition,F,espn_opening_boxscore,Marvin Bagley III,78,hoopshype_edition,F,espn_opening_boxscore,Tristan Thompson,77,hoopshype_edition,C,espn_opening_boxscore,Alex Len,76,hoopshype_edition,C,espn_opening_boxscore,Davion Mitchell,76,hoopshype_edition,G,espn_opening_boxscore,Chimezie Metu,74,hoopshype_edition,PF,espn_opening_boxscore,opening_night
San Antonio Spurs,2021-22,2022,34,48,0.41463414,Dejounte Murray,82,hoopshype_edition,G,espn_opening_boxscore,Keldon Johnson,80,hoopshype_edition,F,espn_opening_boxscore,Thaddeus Young,79,hoopshype_edition,F,espn_opening_boxscore,Derrick White,78,hoopshype_edition,G,espn_opening_boxscore,Jakob Poeltl,77,hoopshype_edition,C,espn_opening_boxscore,Doug McDermott,76,hoopshype_edition,F,espn_opening_boxscore,Bryn Forbes,75,hoopshype_edition,SG,espn_opening_boxscore,Lonnie Walker IV,75,hoopshype_edition,G,espn_opening_boxscore,Devin Vassell,74,hoopshype_edition,G,espn_opening_boxscore,Drew Eubanks,74,hoopshype_edition,F,espn_opening_boxscore,opening_night
Toronto Raptors,2021-22,2022,48,34,0.58536583,Pascal Siakam,83,hoopshype_edition,F,wikipedia_season_roster,Fred VanVleet,82,hoopshype_edition,G,espn_opening_boxscore,Chris Boucher,79,hoopshype_edition,F,espn_opening_boxscore,OG Anunoby,79,hoopshype_edition,F,espn_opening_boxscore,Goran Dragic,78,hoopshype_edition,PG,espn_opening_boxscore,Gary Trent Jr.,77,hoopshype_edition,G,espn_opening_boxscore,Khem Birch,76,hoopshype_edition,C,espn_opening_boxscore,Scottie Barnes,76,hoopshype_edition,F,espn_opening_boxscore,Precious Achiuwa,75,hoopshype_edition,PF,espn_opening_boxscore,Svi Mykhailiuk,74,hoopshype_edition,G,espn_opening_boxscore,opening_night
Utah Jazz,2021-22,2022,49,33,0.597561,Donovan Mitchell,88,hoopshype_edition,G,espn_opening_boxscore,Rudy Gobert,88,hoopshype_edition,C,espn_opening_boxscore,Mike Conley,83,hoopshype_edition,G,espn_opening_boxscore,Joe Ingles,80,hoopshype_edition,F,espn_opening_boxscore,Jordan Clarkson,79,hoopshype_edition,G,espn_opening_boxscore,Hassan Whiteside,78,hoopshype_edition,C,espn_opening_boxscore,Bojan Bogdanovic,77,hoopshype_edition,SF,espn_opening_boxscore,Eric Paschall,76,hoopshype_edition,F,espn_opening_boxscore,Royce O'Neale,76,hoopshype_edition,F,espn_opening_boxscore,Jared Butler,70,hoopshype_edition,G,espn_opening_boxscore,opening_night
Washington Wizards,2021-22,2022,35,47,0.42682928,Bradley Beal,89,hoopshype_edition,G,espn_opening_boxscore,Spencer Dinwiddie,82,hoopshype_edition,PG,espn_opening_boxscore,Thomas Bryant,79,hoopshype_edition,F/C,wikipedia_season_roster,Daniel Gafford,78,hoopshype_edition,F,espn_opening_boxscore,Rui Hachimura,78,hoopshype_edition,F,wikipedia_season_roster,Kyle Kuzma,77,hoopshype_edition,F,espn_opening_boxscore,Montrezl Harrell,77,hoopshype_edition,C,espn_opening_boxscore,Davis Bertans,76,hoopshype_edition,SF,espn_opening_boxscore,Deni Avdija,75,hoopshype_edition,F,espn_opening_boxscore,Raul Neto,75,hoopshype_edition,PG,espn_opening_boxscore,opening_night
Atlanta Hawks,2022-23,2023,41,41,0.5,Trae Young,90,hoopshype_edition,G,espn_opening_boxscore,Dejounte Murray,86,hoopshype_edition,G,espn_opening_boxscore,Clint Capela,84,hoopshype_edition,C,espn_opening_boxscore,John Collins,83,hoopshype_edition,F,espn_opening_boxscore,Bogdan Bogdanovic,80,hoopshype_edition,G,wikipedia_season_roster,De'Andre Hunter,76,hoopshype_edition,F,espn_opening_boxscore,Onyeka Okongwu,76,hoopshype_edition,F,espn_opening_boxscore,Aaron Holiday,75,hoopshype_edition,G,espn_opening_boxscore,Frank Kaminsky III,74,hoopshype_edition,F,espn_opening_boxscore,Jalen Johnson,73,hoopshype_edition,F,espn_opening_boxscore,opening_night
Boston Celtics,2022-23,2023,57,25,0.69512194,Jayson Tatum,93,hoopshype_edition,F,espn_opening_boxscore,Jaylen Brown,87,hoopshype_edition,G,espn_opening_boxscore,Robert Williams,85,hoopshype_edition,C,hoopshype_profile_fallback,Al Horford,82,hoopshype_edition,C,espn_opening_boxscore,Malcolm Brogdon,82,hoopshype_edition,G,espn_opening_boxscore,Marcus Smart,82,hoopshype_edition,G,espn_opening_boxscore,Derrick White,78,hoopshype_edition,G,espn_opening_boxscore,Grant Williams,77,hoopshype_edition,F,espn_opening_boxscore,Payton Pritchard,76,hoopshype_edition,G,espn_opening_boxscore,Justin Jackson,72,hoopshype_edition,F,espn_opening_boxscore,opening_night
Brooklyn Nets,2022-23,2023,45,37,0.5487805,Kevin Durant,96,hoopshype_edition,F,espn_opening_boxscore,Kyrie Irving,89,hoopshype_edition,G,espn_opening_boxscore,Ben Simmons,83,hoopshype_edition,PG,espn_opening_boxscore,Joe Harris,76,hoopshype_edition,G/F,wikipedia_season_roster,Nic Claxton,76,hoopshype_edition,C,espn_opening_boxscore,Edmond Sumner,75,hoopshype_edition,PG,espn_opening_boxscore,Cam Thomas,74,hoopshype_edition,G,espn_opening_boxscore,Royce O'Neale,74,hoopshype_edition,F,espn_opening_boxscore,Day'Ron Sharpe,73,hoopshype_edition,C,espn_opening_boxscore,David Duke Jr.,72,hoopshype_edition,G,espn_opening_boxscore,opening_night
Charlotte Hornets,2022-23,2023,27,55,0.3292683,LaMelo Ball,87,hoopshype_edition,G,wikipedia_season_roster,Terry Rozier,82,hoopshype_edition,G,espn_opening_boxscore,Gordon Hayward,80,hoopshype_edition,SF,espn_opening_boxscore,Kelly Oubre Jr.,79,hoopshype_edition,G,espn_opening_boxscore,PJ Washington,78,hoopshype_edition,F,espn_opening_boxscore,Cody Martin,75,hoopshype_edition,SF,espn_opening_boxscore,Mason Plumlee,75,hoopshype_edition,C,espn_opening_boxscore,Jalen McDaniels,73,hoopshype_edition,F,espn_opening_boxscore,Nick Richards,73,hoopshype_edition,C,espn_opening_boxscore,James Bouknight,72,hoopshype_edition,SG,espn_opening_boxscore,opening_night
Chicago Bulls,2022-23,2023,40,42,0.4878049,DeMar DeRozan,89,hoopshype_edition,G,espn_opening_boxscore,Zach LaVine,88,hoopshype_edition,G/F,wikipedia_season_roster,Nikola Vucevic,83,hoopshype_edition,C,espn_opening_boxscore,Andre Drummond,79,hoopshype_edition,C,espn_opening_boxscore,Alex Caruso,77,hoopshype_edition,G,espn_opening_boxscore,Ayo Dosunmu,76,hoopshype_edition,G,espn_opening_boxscore,Coby White,76,hoopshype_edition,G,espn_opening_boxscore,Javonte Green,76,hoopshype_edition,G,espn_opening_boxscore,Patrick Williams,75,hoopshype_edition,F,espn_opening_boxscore,Derrick Jones Jr.,74,hoopshype_edition,F,espn_opening_boxscore,opening_night
Cleveland Cavaliers,2022-23,2023,51,31,0.6219512,Donovan Mitchell,88,hoopshype_edition,G,espn_opening_boxscore,Darius Garland,87,hoopshype_edition,G,espn_opening_boxscore,Jarrett Allen,85,hoopshype_edition,C,espn_opening_boxscore,Evan Mobley,84,hoopshype_edition,C,espn_opening_boxscore,Kevin Love,80,hoopshype_edition,F,espn_opening_boxscore,Caris LeVert,78,hoopshype_edition,G,espn_opening_boxscore,Ricky Rubio,78,hoopshype_edition,G,wikipedia_season_roster,Cedi Osman,75,hoopshype_edition,SF,espn_opening_boxscore,Isaac Okoro,75,hoopshype_edition,F,espn_opening_boxscore,Lamar Stevens,75,hoopshype_edition,F,espn_opening_boxscore,opening_night
Dallas Mavericks,2022-23,2023,38,44,0.46341464,Luka Doncic,95,hoopshype_edition,G,espn_opening_boxscore,Christian Wood,84,hoopshype_edition,F,espn_opening_boxscore,Spencer Dinwiddie,80,hoopshype_edition,PG,espn_opening_boxscore,Dorian Finney-Smith,78,hoopshype_edition,F,espn_opening_boxscore,JaVale McGee,77,hoopshype_edition,C,espn_opening_boxscore,Tim Hardaway Jr.,77,hoopshype_edition,G,espn_opening_boxscore,Dwight Powell,76,hoopshype_edition,F,espn_opening_boxscore,Maxi Kleber,75,hoopshype_edition,F,espn_opening_boxscore,Reggie Bullock Jr.,75,hoopshype_edition,SF,espn_opening_boxscore,Josh Green,73,hoopshype_edition,G,espn_opening_boxscore,opening_night
Denver Nuggets,2022-23,2023,53,29,0.64634144,Nikola Jokic,96,hoopshype_edition,C,espn_opening_boxscore,Jamal Murray,84,hoopshype_edition,G,espn_opening_boxscore,Michael Porter Jr.,80,hoopshype_edition,F,espn_opening_boxscore,Aaron Gordon,79,hoopshype_edition,F,espn_opening_boxscore,Bones Hyland,76,hoopshype_edition,G,espn_opening_boxscore,Bruce Brown,76,hoopshype_edition,G,espn_opening_boxscore,Jeff Green,76,hoopshype_edition,F,espn_opening_boxscore,Kentavious Caldwell-Pope,76,hoopshype_edition,G,espn_opening_boxscore,Zeke Nnaji,76,hoopshype_edition,F,espn_opening_boxscore,Davon Reed,72,hoopshype_edition,SG,espn_opening_boxscore,opening_night
Detroit Pistons,2022-23,2023,17,65,0.20731707,Cade Cunningham,84,hoopshype_edition,G,espn_opening_boxscore,Bojan Bogdanovic,80,hoopshype_edition,SF,espn_opening_boxscore,Saddiq Bey,80,hoopshype_edition,G,espn_opening_boxscore,Isaiah Stewart,76,hoopshype_edition,F,espn_opening_boxscore,Jaden Ivey,76,hoopshype_edition,G,espn_opening_boxscore,Nerlens Noel,76,hoopshype_edition,C,espn_opening_boxscore,Cory Joseph,73,hoopshype_edition,PG,espn_opening_boxscore,Jalen Duren,73,hoopshype_edition,C,espn_opening_boxscore,Kevin Knox II,71,hoopshype_edition,F,espn_opening_boxscore,Killian Hayes,71,hoopshype_edition,G,espn_opening_boxscore,opening_night
Golden State Warriors,2022-23,2023,44,38,0.5365854,Stephen Curry,96,hoopshype_edition,G,espn_opening_boxscore,Andrew Wiggins,84,hoopshype_edition,F,espn_opening_boxscore,Draymond Green,83,hoopshype_edition,F,espn_opening_boxscore,Jordan Poole,83,hoopshype_edition,G,espn_opening_boxscore,Klay Thompson,83,hoopshype_edition,G,espn_opening_boxscore,Jonathan Kuminga,78,hoopshype_edition,F,espn_opening_boxscore,Gary Payton II,77,hoopshype_edition,G,wikipedia_season_roster,JaMychal Green,76,hoopshype_edition,F,espn_opening_boxscore,Donte DiVincenzo,75,hoopshype_edition,G,espn_opening_boxscore,James Wiseman,75,hoopshype_edition,C,espn_opening_boxscore,opening_night
Houston Rockets,2022-23,2023,22,60,0.2682927,Jalen Green,82,hoopshype_edition,G,espn_opening_boxscore,Jabari Smith Jr.,78,hoopshype_edition,F,espn_opening_boxscore,Alperen Sengun,77,hoopshype_edition,C,espn_opening_boxscore,Jae'Sean Tate,77,hoopshype_edition,F,wikipedia_season_roster,Kevin Porter Jr.,77,hoopshype_edition,G,espn_opening_boxscore,Bruno Fernando,75,hoopshype_edition,F,espn_opening_boxscore,Eric Gordon,75,hoopshype_edition,G,espn_opening_boxscore,Josh Christopher,75,hoopshype_edition,SG,espn_opening_boxscore,KJ Martin,75,hoopshype_edition,F,espn_opening_boxscore,Boban Marjanovic,73,hoopshype_edition,C,espn_opening_boxscore,opening_night
Indiana Pacers,2022-23,2023,35,47,0.42682928,Tyrese Haliburton,84,hoopshype_edition,G,espn_opening_boxscore,Myles Turner,82,hoopshype_edition,C,espn_opening_boxscore,Buddy Hield,78,hoopshype_edition,G,espn_opening_boxscore,Chris Duarte,77,hoopshype_edition,SG,espn_opening_boxscore,Isaiah Jackson,76,hoopshype_edition,F,espn_opening_boxscore,Jalen Smith,76,hoopshype_edition,F,espn_opening_boxscore,Goga Bitadze,75,hoopshype_edition,C,espn_opening_boxscore,Oshae Brissett,75,hoopshype_edition,SF,espn_opening_boxscore,T.J. McConnell,75,hoopshype_edition,G,espn_opening_boxscore,Bennedict Mathurin,74,hoopshype_edition,G,espn_opening_boxscore,opening_night
Los Angeles Clippers,2022-23,2023,44,38,0.5365854,Kawhi Leonard,94,hoopshype_edition,F,espn_opening_boxscore,Paul George,88,hoopshype_edition,F,espn_opening_boxscore,Norman Powell,80,hoopshype_edition,G,espn_opening_boxscore,John Wall,78,hoopshype_edition,PG,espn_opening_boxscore,Ivica Zubac,77,hoopshype_edition,C,espn_opening_boxscore,Marcus Morris Sr.,77,hoopshype_edition,F,espn_opening_boxscore,Reggie Jackson,77,hoopshype_edition,PG,espn_opening_boxscore,Luke Kennard,76,hoopshype_edition,G,espn_opening_boxscore,Nicolas Batum,76,hoopshype_edition,F,espn_opening_boxscore,Robert Covington,76,hoopshype_edition,PF,espn_opening_boxscore,opening_night
Los Angeles Lakers,2022-23,2023,43,39,0.5243902,LeBron James,96,hoopshype_edition,F,espn_opening_boxscore,Anthony Davis,90,hoopshype_edition,F,espn_opening_boxscore,Patrick Beverley,78,hoopshype_edition,PG,espn_opening_boxscore,Russell Westbrook,78,hoopshype_edition,G,espn_opening_boxscore,Lonnie Walker IV,75,hoopshype_edition,G,espn_opening_boxscore,Austin Reaves,74,hoopshype_edition,G,espn_opening_boxscore,Kendrick Nunn,74,hoopshype_edition,G,espn_opening_boxscore,Damian Jones,72,hoopshype_edition,C,espn_opening_boxscore,Juan Toscano-Anderson,72,hoopshype_edition,F,espn_opening_boxscore,Wenyen Gabriel,71,hoopshype_edition,F,espn_opening_boxscore,opening_night
Memphis Grizzlies,2022-23,2023,51,31,0.6219512,Ja Morant,93,hoopshype_edition,G,espn_opening_boxscore,Desmond Bane,83,hoopshype_edition,G,espn_opening_boxscore,Jaren Jackson Jr.,83,hoopshype_edition,F/C,wikipedia_season_roster,Steven Adams,82,hoopshype_edition,C,espn_opening_boxscore,Dillon Brooks,80,hoopshype_edition,G/F,wikipedia_season_roster,Tyus Jones,77,hoopshype_edition,G,espn_opening_boxscore,Brandon Clarke,76,hoopshype_edition,F,espn_opening_boxscore,John Konchar,75,hoopshype_edition,G,espn_opening_boxscore,Xavier Tillman,75,hoopshype_edition,F,espn_opening_boxscore,Ziaire Williams,74,hoopshype_edition,F,wikipedia_season_roster,opening_night
Miami Heat,2022-23,2023,44,38,0.5365854,Jimmy Butler,93,hoopshype_edition,F,espn_opening_boxscore,Bam Adebayo,87,hoopshype_edition,C,espn_opening_boxscore,Tyler Herro,84,hoopshype_edition,G,espn_opening_boxscore,Kyle Lowry,82,hoopshype_edition,G,espn_opening_boxscore,Caleb Martin,76,hoopshype_edition,F,espn_opening_boxscore,Max Strus,76,hoopshype_edition,G,espn_opening_boxscore,Dewayne Dedmon,75,hoopshype_edition,C,espn_opening_boxscore,Gabe Vincent,75,hoopshype_edition,G,espn_opening_boxscore,Omer Yurtseven,75,hoopshype_edition,C,wikipedia_season_roster,Duncan Robinson,74,hoopshype_edition,F,espn_opening_boxscore,opening_night
Milwaukee Bucks,2022-23,2023,58,24,0.70731705,Giannis Antetokounmpo,97,hoopshype_edition,F,espn_opening_boxscore,Jrue Holiday,86,hoopshype_edition,G,espn_opening_boxscore,Khris Middleton,86,hoopshype_edition,F,wikipedia_season_roster,Bobby Portis,80,hoopshype_edition,F,espn_opening_boxscore,Brook Lopez,80,hoopshype_edition,C,espn_opening_boxscore,Pat Connaughton,76,hoopshype_edition,G,wikipedia_season_roster,Grayson Allen,75,hoopshype_edition,G,espn_opening_boxscore,Serge Ibaka,75,hoopshype_edition,F,espn_opening_boxscore,George Hill,73,hoopshype_edition,PG,espn_opening_boxscore,Jevon Carter,72,hoopshype_edition,G,espn_opening_boxscore,opening_night
Minnesota Timberwolves,2022-23,2023,42,40,0.5121951,Karl-Anthony Towns,89,hoopshype_edition,C,espn_opening_boxscore,Rudy Gobert,88,hoopshype_edition,C,espn_opening_boxscore,Anthony Edwards,86,hoopshype_edition,G,espn_opening_boxscore,D'Angelo Russell,82,hoopshype_edition,G,espn_opening_boxscore,Kyle Anderson,76,hoopshype_edition,F,espn_opening_boxscore,Taurean Prince,76,hoopshype_edition,F,espn_opening_boxscore,Jaden McDaniels,75,hoopshype_edition,F,espn_opening_boxscore,Jaylen Nowell,75,hoopshype_edition,G,espn_opening_boxscore,Jordan McLaughlin,75,hoopshype_edition,G,espn_opening_boxscore,Naz Reid,75,hoopshype_edition,C,espn_opening_boxscore,opening_night
New Orleans Pelicans,2022-23,2023,42,40,0.5121951,Zion Williamson,87,hoopshype_edition,F,espn_opening_boxscore,Brandon Ingram,86,hoopshype_edition,F,espn_opening_boxscore,CJ McCollum,85,hoopshype_edition,G,espn_opening_boxscore,Jonas Valanciunas,83,hoopshype_edition,C,espn_opening_boxscore,Herbert Jones,78,hoopshype_edition,F,espn_opening_boxscore,Jaxson Hayes,76,hoopshype_edition,C,espn_opening_boxscore,Jose Alvarado,76,hoopshype_edition,G,espn_opening_boxscore,Larry Nance Jr.,76,hoopshype_edition,F,espn_opening_boxscore,Devonte' Graham,75,hoopshype_edition,PG,espn_opening_boxscore,Trey Murphy III,75,hoopshype_edition,F,espn_opening_boxscore,opening_night
New York Knicks,2022-23,2023,47,35,0.5731707,RJ Barrett,84,hoopshype_edition,F,espn_opening_boxscore,Jalen Brunson,83,hoopshype_edition,G,espn_opening_boxscore,Julius Randle,82,hoopshype_edition,F,espn_opening_boxscore,Derrick Rose,81,hoopshype_edition,PG,espn_opening_boxscore,Mitchell Robinson,81,hoopshype_edition,C,espn_opening_boxscore,Immanuel Quickley,77,hoopshype_edition,G,espn_opening_boxscore,Evan Fournier,76,hoopshype_edition,SG,espn_opening_boxscore,Obi Toppin,76,hoopshype_edition,F,espn_opening_boxscore,Cam Reddish,74,hoopshype_edition,SF,espn_opening_boxscore,Isaiah Hartenstein,74,hoopshype_edition,C,espn_opening_boxscore,opening_night
Oklahoma City Thunder,2022-23,2023,40,42,0.4878049,Shai Gilgeous-Alexander,87,hoopshype_edition,G,espn_opening_boxscore,Josh Giddey,82,hoopshype_edition,G,espn_opening_boxscore,Luguentz Dort,77,hoopshype_edition,G,espn_opening_boxscore,Darius Bazley,76,hoopshype_edition,F,espn_opening_boxscore,Aleksej Pokusevski,75,hoopshype_edition,F,espn_opening_boxscore,Kenrich Williams,75,hoopshype_edition,G,espn_opening_boxscore,Mike Muscala,75,hoopshype_edition,C,espn_opening_boxscore,Tre Mann,75,hoopshype_edition,G,espn_opening_boxscore,Aaron Wiggins,73,hoopshype_edition,G,espn_opening_boxscore,Jeremiah Robinson-Earl,73,hoopshype_edition,F,espn_opening_boxscore,opening_night
Orlando Magic,2022-23,2023,34,48,0.41463414,Wendell Carter Jr.,83,hoopshype_edition,C,espn_opening_boxscore,Franz Wagner,80,hoopshype_edition,F,espn_opening_boxscore,Mo Bamba,79,hoopshype_edition,C,espn_opening_boxscore,Cole Anthony,78,hoopshype_edition,G,espn_opening_boxscore,Paolo Banchero,78,hoopshype_edition,F,espn_opening_boxscore,Markelle Fultz,77,hoopshype_edition,G,wikipedia_season_roster,Chuma Okeke,75,hoopshype_edition,F,espn_opening_boxscore,Jalen Suggs,75,hoopshype_edition,G,espn_opening_boxscore,Moritz Wagner,75,hoopshype_edition,F/C,wikipedia_season_roster,Terrence Ross,75,hoopshype_edition,G,espn_opening_boxscore,opening_night
Philadelphia 76ers,2022-23,2023,54,28,0.6585366,Joel Embiid,96,hoopshype_edition,C,espn_opening_boxscore,James Harden,89,hoopshype_edition,G,espn_opening_boxscore,Tyrese Maxey,85,hoopshype_edition,G,espn_opening_boxscore,Tobias Harris,82,hoopshype_edition,F,espn_opening_boxscore,De'Anthony Melton,77,hoopshype_edition,G,espn_opening_boxscore,Matisse Thybulle,77,hoopshype_edition,G,espn_opening_boxscore,P.J. Tucker,77,hoopshype_edition,PF,espn_opening_boxscore,Montrezl Harrell,76,hoopshype_edition,C,espn_opening_boxscore,Shake Milton,74,hoopshype_edition,SG,espn_opening_boxscore,Furkan Korkmaz,73,hoopshype_edition,SG,espn_opening_boxscore,opening_night
Phoenix Suns,2022-23,2023,45,37,0.5487805,Devin Booker,91,hoopshype_edition,G,espn_opening_boxscore,Chris Paul,90,hoopshype_edition,G,espn_opening_boxscore,Deandre Ayton,85,hoopshype_edition,C,espn_opening_boxscore,Mikal Bridges,83,hoopshype_edition,G,espn_opening_boxscore,Cameron Johnson,80,hoopshype_edition,F,espn_opening_boxscore,Cameron Payne,76,hoopshype_edition,PG,espn_opening_boxscore,Dario Saric,76,hoopshype_edition,F,espn_opening_boxscore,Torrey Craig,74,hoopshype_edition,SF,espn_opening_boxscore,Damion Lee,73,hoopshype_edition,SG,espn_opening_boxscore,Landry Shamet,73,hoopshype_edition,G,wikipedia_season_roster,opening_night
Portland Trail Blazers,2022-23,2023,33,49,0.40243903,Damian Lillard,89,hoopshype_edition,G,espn_opening_boxscore,Jerami Grant,82,hoopshype_edition,F,espn_opening_boxscore,Jusuf Nurkic,82,hoopshype_edition,C,espn_opening_boxscore,Anfernee Simons,80,hoopshype_edition,G,espn_opening_boxscore,Josh Hart,80,hoopshype_edition,G,espn_opening_boxscore,Nassir Little,76,hoopshype_edition,SF,espn_opening_boxscore,Drew Eubanks,75,hoopshype_edition,F,espn_opening_boxscore,Justise Winslow,75,hoopshype_edition,PF,espn_opening_boxscore,Greg Brown,72,hoopshype_edition,PF,espn_opening_boxscore,Shaedon Sharpe,72,hoopshype_edition,G,espn_opening_boxscore,opening_night
Sacramento Kings,2022-23,2023,48,34,0.58536583,Domantas Sabonis,86,hoopshype_edition,F,espn_opening_boxscore,De'Aaron Fox,84,hoopshype_edition,G,espn_opening_boxscore,Harrison Barnes,80,hoopshype_edition,F,espn_opening_boxscore,Davion Mitchell,77,hoopshype_edition,G,espn_opening_boxscore,Kevin Huerter,76,hoopshype_edition,G,espn_opening_boxscore,Malik Monk,76,hoopshype_edition,G,espn_opening_boxscore,Terence Davis,76,hoopshype_edition,G,espn_opening_boxscore,Chimezie Metu,75,hoopshype_edition,PF,espn_opening_boxscore,Richaun Holmes,75,hoopshype_edition,F,espn_opening_boxscore,Trey Lyles,75,hoopshype_edition,F,espn_opening_boxscore,opening_night
San Antonio Spurs,2022-23,2023,22,60,0.2682927,Keldon Johnson,82,hoopshype_edition,F,espn_opening_boxscore,Jakob Poeltl,78,hoopshype_edition,C,espn_opening_boxscore,Devin Vassell,76,hoopshype_edition,G,espn_opening_boxscore,Josh Richardson,76,hoopshype_edition,SG,espn_opening_boxscore,Isaiah Roby,75,hoopshype_edition,PF,espn_opening_boxscore,Doug McDermott,74,hoopshype_edition,F,espn_opening_boxscore,Gorgui Dieng,74,hoopshype_edition,C,espn_opening_boxscore,Keita Bates-Diop,74,hoopshype_edition,SF,espn_opening_boxscore,Tre Jones,74,hoopshype_edition,G,espn_opening_boxscore,Zach Collins,74,hoopshype_edition,F,espn_opening_boxscore,opening_night
Toronto Raptors,2022-23,2023,41,41,0.5,Pascal Siakam,86,hoopshype_edition,F,espn_opening_boxscore,Fred VanVleet,84,hoopshype_edition,G,espn_opening_boxscore,Scottie Barnes,84,hoopshype_edition,F,espn_opening_boxscore,OG Anunoby,81,hoopshype_edition,F,espn_opening_boxscore,Gary Trent Jr.,79,hoopshype_edition,G,espn_opening_boxscore,Chris Boucher,76,hoopshype_edition,F/C,wikipedia_season_roster,Precious Achiuwa,76,hoopshype_edition,PF,espn_opening_boxscore,Khem Birch,75,hoopshype_edition,C,hoopshype_profile_fallback,Thaddeus Young,74,hoopshype_edition,F,espn_opening_boxscore,Malachi Flynn,73,hoopshype_edition,PG,espn_opening_boxscore,opening_night
Utah Jazz,2022-23,2023,37,45,0.4512195,Mike Conley,82,hoopshype_edition,G,espn_opening_boxscore,Collin Sexton,78,hoopshype_edition,G,espn_opening_boxscore,Jarred Vanderbilt,78,hoopshype_edition,F,espn_opening_boxscore,Kelly Olynyk,78,hoopshype_edition,F,espn_opening_boxscore,Lauri Markkanen,78,hoopshype_edition,F,espn_opening_boxscore,Jordan Clarkson,77,hoopshype_edition,G,espn_opening_boxscore,Malik Beasley,75,hoopshype_edition,SG,espn_opening_boxscore,Rudy Gay,75,hoopshype_edition,SF,espn_opening_boxscore,Talen Horton-Tucker,74,hoopshype_edition,SF,espn_opening_boxscore,Ochai Agbaji,73,hoopshype_edition,G,espn_opening_boxscore,opening_night
Washington Wizards,2022-23,2023,35,47,0.42682928,Bradley Beal,87,hoopshype_edition,G,espn_opening_boxscore,Kristaps Porzingis,85,hoopshype_edition,C,espn_opening_boxscore,Kyle Kuzma,81,hoopshype_edition,F,espn_opening_boxscore,Monte Morris,79,hoopshype_edition,PG,espn_opening_boxscore,Daniel Gafford,77,hoopshype_edition,F,espn_opening_boxscore,Will Barton,77,hoopshype_edition,G,espn_opening_boxscore,Deni Avdija,76,hoopshype_edition,F,espn_opening_boxscore,Rui Hachimura,76,hoopshype_edition,F,espn_opening_boxscore,Corey Kispert,75,hoopshype_edition,F,wikipedia_season_roster,Delon Wright,75,hoopshype_edition,G,espn_opening_boxscore,opening_night
Atlanta Hawks,2023-24,2024,36,46,0.4390244,Trae Young,89,hoopshype_edition,G,espn_opening_boxscore,Dejounte Murray,84,hoopshype_edition,G,espn_opening_boxscore,Clint Capela,82,hoopshype_edition,C,espn_opening_boxscore,De'Andre Hunter,80,hoopshype_edition,F,espn_opening_boxscore,Onyeka Okongwu,80,hoopshype_edition,F,espn_opening_boxscore,Bogdan Bogdanovic,79,hoopshype_edition,G,espn_opening_boxscore,Saddiq Bey,78,hoopshype_edition,G,espn_opening_boxscore,AJ Griffin,76,hoopshype_edition,F,espn_opening_boxscore,Jalen Johnson,75,hoopshype_edition,F,espn_opening_boxscore,Bruno Fernando,74,hoopshype_edition,F,espn_opening_boxscore,opening_night
Boston Celtics,2023-24,2024,64,18,0.7804878,Jayson Tatum,95,hoopshype_edition,F,espn_opening_boxscore,Jaylen Brown,89,hoopshype_edition,G,espn_opening_boxscore,Jrue Holiday,87,hoopshype_edition,G,espn_opening_boxscore,Kristaps Porzingis,86,hoopshype_edition,C,espn_opening_boxscore,Al Horford,82,hoopshype_edition,C,espn_opening_boxscore,Derrick White,82,hoopshype_edition,G,espn_opening_boxscore,Svi Mykhailiuk,74,hoopshype_edition,G,espn_opening_boxscore,Dalano Banton,73,hoopshype_edition,F,espn_opening_boxscore,Lamar Stevens,73,hoopshype_edition,F,espn_opening_boxscore,Luke Kornet,73,hoopshype_edition,C,espn_opening_boxscore,opening_night
Brooklyn Nets,2023-24,2024,32,50,0.3902439,Mikal Bridges,86,hoopshype_edition,G,espn_opening_boxscore,Nic Claxton,84,hoopshype_edition,C,espn_opening_boxscore,Cameron Johnson,81,hoopshype_edition,F,espn_opening_boxscore,Spencer Dinwiddie,81,hoopshype_edition,PG,espn_opening_boxscore,Dorian Finney-Smith,77,hoopshype_edition,F,espn_opening_boxscore,Ben Simmons,76,hoopshype_edition,PG,espn_opening_boxscore,Cam Thomas,76,hoopshype_edition,G,espn_opening_boxscore,Lonnie Walker IV,76,hoopshype_edition,G,espn_opening_boxscore,Royce O'Neale,76,hoopshype_edition,F,espn_opening_boxscore,Trendon Watford,76,hoopshype_edition,F,espn_opening_boxscore,opening_night
Charlotte Hornets,2023-24,2024,21,61,0.25609756,LaMelo Ball,86,hoopshype_edition,G,espn_opening_boxscore,Terry Rozier,80,hoopshype_edition,G,espn_opening_boxscore,Brandon Miller,78,hoopshype_edition,F,espn_opening_boxscore,Gordon Hayward,78,hoopshype_edition,SF,espn_opening_boxscore,Mark Williams,77,hoopshype_edition,C,espn_opening_boxscore,PJ Washington,77,hoopshype_edition,F,espn_opening_boxscore,Nick Richards,76,hoopshype_edition,C,espn_opening_boxscore,Cody Martin,74,hoopshype_edition,F,wikipedia_season_roster,Theo Maledon,72,hoopshype_edition,PG,espn_opening_boxscore,Bryce McGowens,71,hoopshype_edition,G,wikipedia_season_roster,opening_night
Chicago Bulls,2023-24,2024,39,43,0.47560975,DeMar DeRozan,86,hoopshype_edition,G,espn_opening_boxscore,Zach LaVine,86,hoopshype_edition,G,espn_opening_boxscore,Nikola Vucevic,84,hoopshype_edition,C,espn_opening_boxscore,Alex Caruso,78,hoopshype_edition,G,espn_opening_boxscore,Andre Drummond,77,hoopshype_edition,C,espn_opening_boxscore,Patrick Williams,77,hoopshype_edition,F,espn_opening_boxscore,Coby White,76,hoopshype_edition,G,espn_opening_boxscore,Javonte Green,75,hoopshype_edition,G/F,wikipedia_season_roster,Jevon Carter,75,hoopshype_edition,G,espn_opening_boxscore,Torrey Craig,75,hoopshype_edition,SF,espn_opening_boxscore,opening_night
Cleveland Cavaliers,2023-24,2024,48,34,0.58536583,Donovan Mitchell,92,hoopshype_edition,G,espn_opening_boxscore,Darius Garland,86,hoopshype_edition,G,espn_opening_boxscore,Evan Mobley,85,hoopshype_edition,C,espn_opening_boxscore,Jarrett Allen,83,hoopshype_edition,C,wikipedia_season_roster,Caris LeVert,78,hoopshype_edition,G,espn_opening_boxscore,Max Strus,78,hoopshype_edition,G,espn_opening_boxscore,Isaac Okoro,76,hoopshype_edition,F,espn_opening_boxscore,Ty Jerome,74,hoopshype_edition,G,espn_opening_boxscore,Dean Wade,73,hoopshype_edition,F/C,wikipedia_season_roster,Georges Niang,73,hoopshype_edition,F,espn_opening_boxscore,opening_night
Dallas Mavericks,2023-24,2024,50,32,0.6097561,Luka Doncic,95,hoopshype_edition,G,espn_opening_boxscore,Kyrie Irving,90,hoopshype_edition,G,espn_opening_boxscore,Tim Hardaway Jr.,78,hoopshype_edition,G,espn_opening_boxscore,Dwight Powell,76,hoopshype_edition,F,espn_opening_boxscore,Grant Williams,76,hoopshype_edition,F,espn_opening_boxscore,Jaden Hardy,76,hoopshype_edition,G,espn_opening_boxscore,Josh Green,76,hoopshype_edition,G,espn_opening_boxscore,Seth Curry,76,hoopshype_edition,G,espn_opening_boxscore,Derrick Jones Jr.,75,hoopshype_edition,F,espn_opening_boxscore,Maxi Kleber,75,hoopshype_edition,F,espn_opening_boxscore,opening_night
Denver Nuggets,2023-24,2024,57,25,0.69512194,Nikola Jokic,98,hoopshype_edition,C,espn_opening_boxscore,Jamal Murray,88,hoopshype_edition,G,espn_opening_boxscore,Aaron Gordon,84,hoopshype_edition,F,espn_opening_boxscore,Michael Porter Jr.,83,hoopshype_edition,F,espn_opening_boxscore,Kentavious Caldwell-Pope,78,hoopshype_edition,G,espn_opening_boxscore,Christian Braun,76,hoopshype_edition,G,espn_opening_boxscore,Zeke Nnaji,74,hoopshype_edition,F,espn_opening_boxscore,Justin Holiday,73,hoopshype_edition,F,espn_opening_boxscore,Peyton Watson,73,hoopshype_edition,G,espn_opening_boxscore,DeAndre Jordan,72,hoopshype_edition,C,espn_opening_boxscore,opening_night
Detroit Pistons,2023-24,2024,14,68,0.17073171,Cade Cunningham,84,hoopshype_edition,G,espn_opening_boxscore,Bojan Bogdanovic,82,hoopshype_edition,SF,hoopshype_profile_fallback,Jaden Ivey,80,hoopshype_edition,G,espn_opening_boxscore,Jalen Duren,79,hoopshype_edition,C,espn_opening_boxscore,James Wiseman,78,hoopshype_edition,C,espn_opening_boxscore,Marvin Bagley III,78,hoopshype_edition,F,espn_opening_boxscore,Isaiah Stewart,77,hoopshype_edition,F,espn_opening_boxscore,Alec Burks,76,hoopshype_edition,SG,espn_opening_boxscore,Ausar Thompson,76,hoopshype_edition,G,espn_opening_boxscore,Joe Harris,76,hoopshype_edition,SF,espn_opening_boxscore,opening_night
Golden State Warriors,2023-24,2024,46,36,0.5609756,Stephen Curry,96,hoopshype_edition,G,espn_opening_boxscore,Chris Paul,85,hoopshype_edition,G,espn_opening_boxscore,Klay Thompson,85,hoopshype_edition,G,espn_opening_boxscore,Draymond Green,83,hoopshype_edition,F,wikipedia_season_roster,Andrew Wiggins,82,hoopshype_edition,F,espn_opening_boxscore,Kevon Looney,79,hoopshype_edition,F,espn_opening_boxscore,Gary Payton II,77,hoopshype_edition,G,espn_opening_boxscore,Jonathan Kuminga,77,hoopshype_edition,F,espn_opening_boxscore,Dario Saric,75,hoopshype_edition,F,espn_opening_boxscore,Cory Joseph,74,hoopshype_edition,PG,espn_opening_boxscore,opening_night
Houston Rockets,2023-24,2024,41,41,0.5,Alperen Sengun,83,hoopshype_edition,C,espn_opening_boxscore,Fred VanVleet,83,hoopshype_edition,G,espn_opening_boxscore,Jalen Green,83,hoopshype_edition,G,espn_opening_boxscore,Jabari Smith Jr.,79,hoopshype_edition,F,espn_opening_boxscore,Dillon Brooks,78,hoopshype_edition,F,espn_opening_boxscore,Tari Eason,78,hoopshype_edition,F,wikipedia_season_roster,Amen Thompson,76,hoopshype_edition,G,espn_opening_boxscore,Jae'Sean Tate,76,hoopshype_edition,F,espn_opening_boxscore,Reggie Bullock Jr.,76,hoopshype_edition,SF,espn_opening_boxscore,Jeff Green,75,hoopshype_edition,F,espn_opening_boxscore,opening_night
Indiana Pacers,2023-24,2024,47,35,0.5731707,Tyrese Haliburton,88,hoopshype_edition,G,espn_opening_boxscore,Myles Turner,83,hoopshype_edition,C,espn_opening_boxscore,Bennedict Mathurin,80,hoopshype_edition,G,espn_opening_boxscore,Bruce Brown,80,hoopshype_edition,G,espn_opening_boxscore,Buddy Hield,80,hoopshype_edition,G,espn_opening_boxscore,Obi Toppin,78,hoopshype_edition,F,espn_opening_boxscore,T.J. McConnell,77,hoopshype_edition,G,espn_opening_boxscore,Aaron Nesmith,76,hoopshype_edition,G,espn_opening_boxscore,Andrew Nembhard,76,hoopshype_edition,G,espn_opening_boxscore,Jalen Smith,76,hoopshype_edition,F,espn_opening_boxscore,opening_night
Los Angeles Clippers,2023-24,2024,51,31,0.6219512,Kawhi Leonard,94,hoopshype_edition,F,espn_opening_boxscore,Paul George,89,hoopshype_edition,F,espn_opening_boxscore,Russell Westbrook,81,hoopshype_edition,G,espn_opening_boxscore,Ivica Zubac,80,hoopshype_edition,C,espn_opening_boxscore,Mason Plumlee,79,hoopshype_edition,C,espn_opening_boxscore,Norman Powell,79,hoopshype_edition,G,espn_opening_boxscore,KJ Martin,78,hoopshype_edition,F,espn_opening_boxscore,Robert Covington,76,hoopshype_edition,PF,espn_opening_boxscore,Terance Mann,76,hoopshype_edition,G/F,wikipedia_season_roster,Bones Hyland,75,hoopshype_edition,G,espn_opening_boxscore,opening_night
Los Angeles Lakers,2023-24,2024,47,35,0.5731707,LeBron James,96,hoopshype_edition,F,espn_opening_boxscore,Anthony Davis,93,hoopshype_edition,F,espn_opening_boxscore,Austin Reaves,82,hoopshype_edition,G,espn_opening_boxscore,D'Angelo Russell,82,hoopshype_edition,G,espn_opening_boxscore,Christian Wood,79,hoopshype_edition,F,espn_opening_boxscore,Gabe Vincent,79,hoopshype_edition,G,espn_opening_boxscore,Rui Hachimura,79,hoopshype_edition,F,espn_opening_boxscore,Cam Reddish,75,hoopshype_edition,SF,espn_opening_boxscore,Taurean Prince,75,hoopshype_edition,F,espn_opening_boxscore,Jaxson Hayes,74,hoopshype_edition,C,espn_opening_boxscore,opening_night
Memphis Grizzlies,2023-24,2024,27,55,0.3292683,Ja Morant,92,hoopshype_edition,G,espn_opening_boxscore,Jaren Jackson Jr.,86,hoopshype_edition,F,espn_opening_boxscore,Desmond Bane,84,hoopshype_edition,G,espn_opening_boxscore,Marcus Smart,82,hoopshype_edition,G,espn_opening_boxscore,Brandon Clarke,77,hoopshype_edition,F/C,wikipedia_season_roster,Luke Kennard,77,hoopshype_edition,G,espn_opening_boxscore,Xavier Tillman,77,hoopshype_edition,F,espn_opening_boxscore,Derrick Rose,75,hoopshype_edition,PG,espn_opening_boxscore,Santi Aldama,75,hoopshype_edition,F/C,wikipedia_season_roster,David Roddy,73,hoopshype_edition,F,espn_opening_boxscore,opening_night
Miami Heat,2023-24,2024,46,36,0.5609756,Jimmy Butler,95,hoopshype_edition,F,espn_opening_boxscore,Bam Adebayo,87,hoopshype_edition,C,espn_opening_boxscore,Tyler Herro,83,hoopshype_edition,G,espn_opening_boxscore,Caleb Martin,79,hoopshype_edition,F,espn_opening_boxscore,Duncan Robinson,77,hoopshype_edition,F,espn_opening_boxscore,Kevin Love,77,hoopshype_edition,F,espn_opening_boxscore,Kyle Lowry,76,hoopshype_edition,G,espn_opening_boxscore,Thomas Bryant,75,hoopshype_edition,C,espn_opening_boxscore,Haywood Highsmith,74,hoopshype_edition,F,wikipedia_season_roster,Nikola Jovic,73,hoopshype_edition,F,espn_opening_boxscore,opening_night
Milwaukee Bucks,2023-24,2024,49,33,0.597561,Giannis Antetokounmpo,96,hoopshype_edition,F,espn_opening_boxscore,Damian Lillard,94,hoopshype_edition,G,espn_opening_boxscore,Khris Middleton,85,hoopshype_edition,F,espn_opening_boxscore,Brook Lopez,84,hoopshype_edition,C,espn_opening_boxscore,Bobby Portis,82,hoopshype_edition,F,espn_opening_boxscore,Cameron Payne,76,hoopshype_edition,PG,espn_opening_boxscore,Jae Crowder,75,hoopshype_edition,PF,espn_opening_boxscore,Malik Beasley,75,hoopshype_edition,SG,espn_opening_boxscore,Pat Connaughton,75,hoopshype_edition,G,espn_opening_boxscore,Marjon Beauchamp,73,hoopshype_edition,F,espn_opening_boxscore,opening_night
Minnesota Timberwolves,2023-24,2024,56,26,0.68292683,Anthony Edwards,88,hoopshype_edition,G,espn_opening_boxscore,Karl-Anthony Towns,85,hoopshype_edition,C,espn_opening_boxscore,Rudy Gobert,84,hoopshype_edition,C,espn_opening_boxscore,Jaden McDaniels,81,hoopshype_edition,F,wikipedia_season_roster,Mike Conley,79,hoopshype_edition,G,espn_opening_boxscore,Naz Reid,79,hoopshype_edition,C,espn_opening_boxscore,Kyle Anderson,77,hoopshype_edition,F,espn_opening_boxscore,Shake Milton,76,hoopshype_edition,SG,espn_opening_boxscore,Nickeil Alexander-Walker,74,hoopshype_edition,G,espn_opening_boxscore,Jordan McLaughlin,73,hoopshype_edition,G,espn_opening_boxscore,opening_night
New Orleans Pelicans,2023-24,2024,49,33,0.597561,Zion Williamson,90,hoopshype_edition,F,espn_opening_boxscore,Brandon Ingram,85,hoopshype_edition,F,espn_opening_boxscore,CJ McCollum,84,hoopshype_edition,G,espn_opening_boxscore,Jonas Valanciunas,83,hoopshype_edition,C,espn_opening_boxscore,Herbert Jones,79,hoopshype_edition,F,espn_opening_boxscore,Trey Murphy III,79,hoopshype_edition,SF,hoopshype_profile_fallback,Cody Zeller,76,hoopshype_edition,C,espn_opening_boxscore,Jose Alvarado,76,hoopshype_edition,G,wikipedia_season_roster,Larry Nance Jr.,76,hoopshype_edition,F,espn_opening_boxscore,Dyson Daniels,75,hoopshype_edition,G,espn_opening_boxscore,opening_night
New York Knicks,2023-24,2024,50,32,0.6097561,Jalen Brunson,88,hoopshype_edition,G,espn_opening_boxscore,Julius Randle,85,hoopshype_edition,F,espn_opening_boxscore,Mitchell Robinson,82,hoopshype_edition,C,espn_opening_boxscore,RJ Barrett,82,hoopshype_edition,F,espn_opening_boxscore,Immanuel Quickley,80,hoopshype_edition,G,espn_opening_boxscore,Josh Hart,80,hoopshype_edition,G,espn_opening_boxscore,Quentin Grimes,77,hoopshype_edition,G,espn_opening_boxscore,Donte DiVincenzo,76,hoopshype_edition,G,espn_opening_boxscore,Isaiah Hartenstein,76,hoopshype_edition,C,espn_opening_boxscore,Jericho Sims,74,hoopshype_edition,C,espn_opening_boxscore,opening_night
Oklahoma City Thunder,2023-24,2024,57,25,0.69512194,Shai Gilgeous-Alexander,93,hoopshype_edition,G,espn_opening_boxscore,Josh Giddey,83,hoopshype_edition,G,espn_opening_boxscore,Jalen Williams,82,hoopshype_edition,G,espn_opening_boxscore,Luguentz Dort,78,hoopshype_edition,G,espn_opening_boxscore,Chet Holmgren,77,hoopshype_edition,C,espn_opening_boxscore,Vasilije Micic,77,hoopshype_edition,G,espn_opening_boxscore,Aleksej Pokusevski,76,hoopshype_edition,F,espn_opening_boxscore,Isaiah Joe,76,hoopshype_edition,G,espn_opening_boxscore,Kenrich Williams,76,hoopshype_edition,G/F,wikipedia_season_roster,Mike Muscala,75,hoopshype_edition,F,wikipedia_season_roster,opening_night
Orlando Magic,2023-24,2024,47,35,0.5731707,Paolo Banchero,84,hoopshype_edition,F,espn_opening_boxscore,Franz Wagner,82,hoopshype_edition,F,espn_opening_boxscore,Wendell Carter Jr.,81,hoopshype_edition,C,espn_opening_boxscore,Markelle Fultz,80,hoopshype_edition,G,espn_opening_boxscore,Cole Anthony,79,hoopshype_edition,G,espn_opening_boxscore,Jonathan Isaac,77,hoopshype_edition,F,espn_opening_boxscore,Jalen Suggs,76,hoopshype_edition,G,espn_opening_boxscore,Joe Ingles,76,hoopshype_edition,F,espn_opening_boxscore,Moritz Wagner,76,hoopshype_edition,F,espn_opening_boxscore,Gary Harris,75,hoopshype_edition,G,espn_opening_boxscore,opening_night
Philadelphia 76ers,2023-24,2024,47,35,0.5731707,Joel Embiid,96,hoopshype_edition,C,espn_opening_boxscore,Tyrese Maxey,85,hoopshype_edition,G,espn_opening_boxscore,Tobias Harris,81,hoopshype_edition,F,espn_opening_boxscore,Kelly Oubre Jr.,79,hoopshype_edition,G,espn_opening_boxscore,De'Anthony Melton,78,hoopshype_edition,G,espn_opening_boxscore,Mo Bamba,76,hoopshype_edition,C,espn_opening_boxscore,Patrick Beverley,76,hoopshype_edition,PG,espn_opening_boxscore,Paul Reed,76,hoopshype_edition,F,espn_opening_boxscore,P.J. Tucker,75,hoopshype_edition,PF,espn_opening_boxscore,Danny Green,73,hoopshype_edition,F,espn_opening_boxscore,opening_night
Phoenix Suns,2023-24,2024,49,33,0.597561,Kevin Durant,96,hoopshype_edition,F,espn_opening_boxscore,Devin Booker,94,hoopshype_edition,G,espn_opening_boxscore,Jusuf Nurkic,81,hoopshype_edition,C,espn_opening_boxscore,Bol Bol,77,hoopshype_edition,C,espn_opening_boxscore,Josh Okogie,77,hoopshype_edition,G,espn_opening_boxscore,Drew Eubanks,76,hoopshype_edition,F,espn_opening_boxscore,Eric Gordon,76,hoopshype_edition,G,espn_opening_boxscore,Chimezie Metu,75,hoopshype_edition,PF,espn_opening_boxscore,Grayson Allen,75,hoopshype_edition,G,espn_opening_boxscore,Keita Bates-Diop,75,hoopshype_edition,SF,espn_opening_boxscore,opening_night
Portland Trail Blazers,2023-24,2024,21,61,0.25609756,Anfernee Simons,83,hoopshype_edition,G,espn_opening_boxscore,Deandre Ayton,83,hoopshype_edition,C,espn_opening_boxscore,Malcolm Brogdon,83,hoopshype_edition,G,espn_opening_boxscore,Robert Williams,82,hoopshype_edition,C,espn_opening_boxscore,Jerami Grant,81,hoopshype_edition,F,espn_opening_boxscore,Scoot Henderson,78,hoopshype_edition,G,espn_opening_boxscore,Shaedon Sharpe,78,hoopshype_edition,G,espn_opening_boxscore,Matisse Thybulle,76,hoopshype_edition,G,espn_opening_boxscore,Kris Murray,72,hoopshype_edition,F,espn_opening_boxscore,Moses Brown,72,hoopshype_edition,C,espn_opening_boxscore,opening_night
Sacramento Kings,2023-24,2024,46,36,0.5609756,De'Aaron Fox,88,hoopshype_edition,G,espn_opening_boxscore,Domantas Sabonis,87,hoopshype_edition,F,espn_opening_boxscore,Malik Monk,82,hoopshype_edition,G,espn_opening_boxscore,Keegan Murray,80,hoopshype_edition,F,espn_opening_boxscore,Kevin Huerter,80,hoopshype_edition,G,espn_opening_boxscore,Harrison Barnes,79,hoopshype_edition,F,espn_opening_boxscore,Trey Lyles,78,hoopshype_edition,F,wikipedia_season_roster,JaVale McGee,76,hoopshype_edition,C,espn_opening_boxscore,Chris Duarte,75,hoopshype_edition,SG,espn_opening_boxscore,Davion Mitchell,75,hoopshype_edition,G,espn_opening_boxscore,opening_night
San Antonio Spurs,2023-24,2024,22,60,0.2682927,Victor Wembanyama,84,hoopshype_edition,F,espn_opening_boxscore,Devin Vassell,81,hoopshype_edition,G,espn_opening_boxscore,Keldon Johnson,80,hoopshype_edition,F,espn_opening_boxscore,Jeremy Sochan,78,hoopshype_edition,F,espn_opening_boxscore,Tre Jones,78,hoopshype_edition,G,espn_opening_boxscore,Zach Collins,78,hoopshype_edition,F,espn_opening_boxscore,Malaki Branham,76,hoopshype_edition,G,espn_opening_boxscore,Cedi Osman,75,hoopshype_edition,SF,espn_opening_boxscore,Charles Bassey,75,hoopshype_edition,C,espn_opening_boxscore,Devonte' Graham,75,hoopshype_edition,PG,espn_opening_boxscore,opening_night
Toronto Raptors,2023-24,2024,25,57,0.30487806,Pascal Siakam,86,hoopshype_edition,F,espn_opening_boxscore,Scottie Barnes,83,hoopshype_edition,F,espn_opening_boxscore,OG Anunoby,82,hoopshype_edition,F,espn_opening_boxscore,Jakob Poeltl,81,hoopshype_edition,C,espn_opening_boxscore,Gary Trent Jr.,79,hoopshype_edition,G,espn_opening_boxscore,Chris Boucher,77,hoopshype_edition,F,espn_opening_boxscore,Dennis Schroder,77,hoopshype_edition,G,espn_opening_boxscore,Jalen McDaniels,76,hoopshype_edition,F,espn_opening_boxscore,Precious Achiuwa,76,hoopshype_edition,PF,espn_opening_boxscore,Thaddeus Young,75,hoopshype_edition,F,espn_opening_boxscore,opening_night
Utah Jazz,2023-24,2024,31,51,0.37804878,Lauri Markkanen,86,hoopshype_edition,F,espn_opening_boxscore,Walker Kessler,83,hoopshype_edition,C,espn_opening_boxscore,Collin Sexton,80,hoopshype_edition,G,espn_opening_boxscore,John Collins,80,hoopshype_edition,F,espn_opening_boxscore,Jordan Clarkson,80,hoopshype_edition,G,espn_opening_boxscore,Kelly Olynyk,78,hoopshype_edition,F,espn_opening_boxscore,Talen Horton-Tucker,78,hoopshype_edition,SF,espn_opening_boxscore,Ochai Agbaji,76,hoopshype_edition,G,espn_opening_boxscore,Kris Dunn,74,hoopshype_edition,G,espn_opening_boxscore,Omer Yurtseven,74,hoopshype_edition,C,espn_opening_boxscore,opening_night
Washington Wizards,2023-24,2024,15,67,0.18292683,Kyle Kuzma,83,hoopshype_edition,F,espn_opening_boxscore,Jordan Poole,82,hoopshype_edition,G,espn_opening_boxscore,Tyus Jones,79,hoopshype_edition,G,espn_opening_boxscore,Corey Kispert,77,hoopshype_edition,F,espn_opening_boxscore,Daniel Gafford,77,hoopshype_edition,F,espn_opening_boxscore,Danilo Gallinari,77,hoopshype_edition,PF,espn_opening_boxscore,Delon Wright,77,hoopshype_edition,G,espn_opening_boxscore,Deni Avdija,76,hoopshype_edition,F,espn_opening_boxscore,Mike Muscala,75,hoopshype_edition,C,espn_opening_boxscore,Bilal Coulibaly,73,hoopshype_edition,G,espn_opening_boxscore,opening_night
Atlanta Hawks,2024-25,2025,40,42,0.4878049,Trae Young,89,hoopshype_edition,G,espn_opening_boxscore,Clint Capela,80,hoopshype_edition,C,espn_opening_boxscore,Jalen Johnson,80,hoopshype_edition,F,espn_opening_boxscore,Onyeka Okongwu,80,hoopshype_edition,F,espn_opening_boxscore,Bogdan Bogdanovic,79,hoopshype_edition,G,espn_opening_boxscore,De'Andre Hunter,79,hoopshype_edition,F,espn_opening_boxscore,Larry Nance Jr.,76,hoopshype_edition,F,espn_opening_boxscore,Zaccharie Risacher,75,hoopshype_edition,F,espn_opening_boxscore,Dyson Daniels,74,hoopshype_edition,G,espn_opening_boxscore,David Roddy,73,hoopshype_edition,F,espn_opening_boxscore,opening_night
Boston Celtics,2024-25,2025,61,21,0.74390244,Jayson Tatum,95,hoopshype_edition,F,espn_opening_boxscore,Jaylen Brown,92,hoopshype_edition,G,espn_opening_boxscore,Jrue Holiday,87,hoopshype_edition,G,espn_opening_boxscore,Kristaps Porzingis,87,hoopshype_edition,F/C,wikipedia_season_roster,Derrick White,86,hoopshype_edition,G,espn_opening_boxscore,Al Horford,80,hoopshype_edition,C,espn_opening_boxscore,Payton Pritchard,78,hoopshype_edition,G,espn_opening_boxscore,Luke Kornet,76,hoopshype_edition,C,espn_opening_boxscore,Sam Hauser,75,hoopshype_edition,F,espn_opening_boxscore,Xavier Tillman,74,hoopshype_edition,F,espn_opening_boxscore,opening_night
Brooklyn Nets,2024-25,2025,26,56,0.31707317,Cam Thomas,81,hoopshype_edition,G,espn_opening_boxscore,Nic Claxton,81,hoopshype_edition,C,espn_opening_boxscore,Cameron Johnson,79,hoopshype_edition,F,espn_opening_boxscore,Dennis Schroder,77,hoopshype_edition,G,espn_opening_boxscore,Ben Simmons,76,hoopshype_edition,PG,espn_opening_boxscore,Dorian Finney-Smith,76,hoopshype_edition,F,espn_opening_boxscore,Day'Ron Sharpe,74,hoopshype_edition,C,wikipedia_season_roster,Noah Clowney,74,hoopshype_edition,F,espn_opening_boxscore,Trendon Watford,74,hoopshype_edition,F,wikipedia_season_roster,Ziaire Williams,73,hoopshype_edition,F,espn_opening_boxscore,opening_night
Charlotte Hornets,2024-25,2025,19,63,0.23170732,LaMelo Ball,87,hoopshype_edition,G,espn_opening_boxscore,Brandon Miller,81,hoopshype_edition,F,espn_opening_boxscore,Miles Bridges,81,hoopshype_edition,F,espn_opening_boxscore,Mark Williams,80,hoopshype_edition,C,wikipedia_season_roster,Nick Richards,77,hoopshype_edition,C,espn_opening_boxscore,Grant Williams,76,hoopshype_edition,F,espn_opening_boxscore,Tre Mann,76,hoopshype_edition,G,espn_opening_boxscore,Cody Martin,75,hoopshype_edition,SF,espn_opening_boxscore,Vasilije Micic,75,hoopshype_edition,G,espn_opening_boxscore,Seth Curry,73,hoopshype_edition,G,espn_opening_boxscore,opening_night
Chicago Bulls,2024-25,2025,39,43,0.47560975,Zach LaVine,83,hoopshype_edition,G,espn_opening_boxscore,Coby White,81,hoopshype_edition,G,espn_opening_boxscore,Nikola Vucevic,81,hoopshype_edition,C,espn_opening_boxscore,Josh Giddey,79,hoopshype_edition,G,espn_opening_boxscore,Lonzo Ball,79,hoopshype_edition,G,espn_opening_boxscore,Ayo Dosunmu,78,hoopshype_edition,G,espn_opening_boxscore,Jalen Smith,77,hoopshype_edition,F,espn_opening_boxscore,Patrick Williams,76,hoopshype_edition,F,espn_opening_boxscore,Talen Horton-Tucker,75,hoopshype_edition,SF,espn_opening_boxscore,Torrey Craig,74,hoopshype_edition,SF,espn_opening_boxscore,opening_night
Cleveland Cavaliers,2024-25,2025,64,18,0.7804878,Donovan Mitchell,92,hoopshype_edition,G,espn_opening_boxscore,Evan Mobley,86,hoopshype_edition,C,espn_opening_boxscore,Jarrett Allen,84,hoopshype_edition,C,espn_opening_boxscore,Darius Garland,82,hoopshype_edition,G,espn_opening_boxscore,Caris LeVert,77,hoopshype_edition,G,espn_opening_boxscore,Max Strus,77,hoopshype_edition,G/F,wikipedia_season_roster,Isaac Okoro,76,hoopshype_edition,F,espn_opening_boxscore,Sam Merrill,74,hoopshype_edition,G,espn_opening_boxscore,Georges Niang,73,hoopshype_edition,F,espn_opening_boxscore,Craig Porter Jr.,72,hoopshype_edition,G,espn_opening_boxscore,opening_night
Dallas Mavericks,2024-25,2025,39,43,0.47560975,Luka Doncic,97,hoopshype_edition,G,espn_opening_boxscore,Kyrie Irving,92,hoopshype_edition,G,espn_opening_boxscore,Daniel Gafford,81,hoopshype_edition,F,espn_opening_boxscore,Dereck Lively II,81,hoopshype_edition,C,espn_opening_boxscore,Klay Thompson,81,hoopshype_edition,G,espn_opening_boxscore,PJ Washington,79,hoopshype_edition,F,espn_opening_boxscore,Dante Exum,75,hoopshype_edition,G,wikipedia_season_roster,Naji Marshall,75,hoopshype_edition,F,espn_opening_boxscore,Maxi Kleber,74,hoopshype_edition,F,espn_opening_boxscore,Quentin Grimes,74,hoopshype_edition,G,espn_opening_boxscore,opening_night
Denver Nuggets,2024-25,2025,50,32,0.6097561,Nikola Jokic,97,hoopshype_edition,C,espn_opening_boxscore,Jamal Murray,87,hoopshype_edition,G,espn_opening_boxscore,Aaron Gordon,84,hoopshype_edition,F,espn_opening_boxscore,Michael Porter Jr.,83,hoopshype_edition,F,espn_opening_boxscore,Russell Westbrook,77,hoopshype_edition,G,espn_opening_boxscore,Christian Braun,76,hoopshype_edition,G,espn_opening_boxscore,Dario Saric,76,hoopshype_edition,F,espn_opening_boxscore,Peyton Watson,75,hoopshype_edition,G,espn_opening_boxscore,DeAndre Jordan,74,hoopshype_edition,C,espn_opening_boxscore,Julian Strawther,73,hoopshype_edition,G,espn_opening_boxscore,opening_night
Detroit Pistons,2024-25,2025,44,38,0.5365854,Cade Cunningham,86,hoopshype_edition,G,espn_opening_boxscore,Jalen Duren,81,hoopshype_edition,C,espn_opening_boxscore,Tobias Harris,80,hoopshype_edition,F,espn_opening_boxscore,Ausar Thompson,78,hoopshype_edition,G/F,wikipedia_season_roster,Jaden Ivey,78,hoopshype_edition,G,espn_opening_boxscore,Isaiah Stewart,76,hoopshype_edition,F,espn_opening_boxscore,Simone Fontecchio,76,hoopshype_edition,F,espn_opening_boxscore,Tim Hardaway Jr.,76,hoopshype_edition,G,espn_opening_boxscore,Malik Beasley,75,hoopshype_edition,SG,espn_opening_boxscore,Paul Reed,75,hoopshype_edition,F,espn_opening_boxscore,opening_night
Golden State Warriors,2024-25,2025,48,34,0.58536583,Stephen Curry,95,hoopshype_edition,G,espn_opening_boxscore,Draymond Green,83,hoopshype_edition,F,espn_opening_boxscore,Jonathan Kuminga,80,hoopshype_edition,F,espn_opening_boxscore,Brandin Podziemski,79,hoopshype_edition,G,espn_opening_boxscore,Buddy Hield,79,hoopshype_edition,G,espn_opening_boxscore,Andrew Wiggins,78,hoopshype_edition,F,espn_opening_boxscore,De'Anthony Melton,77,hoopshype_edition,G,espn_opening_boxscore,Kevon Looney,76,hoopshype_edition,F,espn_opening_boxscore,Kyle Anderson,76,hoopshype_edition,F,espn_opening_boxscore,Moses Moody,76,hoopshype_edition,G,espn_opening_boxscore,opening_night
Houston Rockets,2024-25,2025,52,30,0.63414633,Alperen Sengun,85,hoopshype_edition,C,espn_opening_boxscore,Fred VanVleet,84,hoopshype_edition,G,espn_opening_boxscore,Jalen Green,84,hoopshype_edition,G,espn_opening_boxscore,Amen Thompson,80,hoopshype_edition,G,espn_opening_boxscore,Jabari Smith Jr.,80,hoopshype_edition,F,espn_opening_boxscore,Dillon Brooks,79,hoopshype_edition,F,espn_opening_boxscore,Tari Eason,79,hoopshype_edition,F,espn_opening_boxscore,Cam Whitmore,78,hoopshype_edition,F,espn_opening_boxscore,Jock Landale,76,hoopshype_edition,C,espn_opening_boxscore,Jeff Green,74,hoopshype_edition,F,espn_opening_boxscore,opening_night
Indiana Pacers,2024-25,2025,50,32,0.6097561,Tyrese Haliburton,90,hoopshype_edition,G,espn_opening_boxscore,Pascal Siakam,88,hoopshype_edition,F,espn_opening_boxscore,Myles Turner,84,hoopshype_edition,C,espn_opening_boxscore,Andrew Nembhard,81,hoopshype_edition,G,espn_opening_boxscore,Bennedict Mathurin,80,hoopshype_edition,G,espn_opening_boxscore,Obi Toppin,80,hoopshype_edition,F,espn_opening_boxscore,T.J. McConnell,79,hoopshype_edition,G,espn_opening_boxscore,Aaron Nesmith,78,hoopshype_edition,G,espn_opening_boxscore,Isaiah Jackson,76,hoopshype_edition,F,wikipedia_season_roster,James Wiseman,75,hoopshype_edition,C,espn_opening_boxscore,opening_night
Los Angeles Clippers,2024-25,2025,50,32,0.6097561,Kawhi Leonard,92,hoopshype_edition,F,wikipedia_season_roster,James Harden,84,hoopshype_edition,G,espn_opening_boxscore,Ivica Zubac,82,hoopshype_edition,C,espn_opening_boxscore,Norman Powell,79,hoopshype_edition,G,espn_opening_boxscore,Derrick Jones Jr.,77,hoopshype_edition,F,espn_opening_boxscore,Kevin Porter Jr.,76,hoopshype_edition,G,espn_opening_boxscore,Terance Mann,76,hoopshype_edition,G,espn_opening_boxscore,Kris Dunn,75,hoopshype_edition,G,espn_opening_boxscore,Nicolas Batum,75,hoopshype_edition,F,espn_opening_boxscore,Bones Hyland,74,hoopshype_edition,G,espn_opening_boxscore,opening_night
Los Angeles Lakers,2024-25,2025,50,32,0.6097561,LeBron James,95,hoopshype_edition,F,espn_opening_boxscore,Anthony Davis,94,hoopshype_edition,F,espn_opening_boxscore,Austin Reaves,81,hoopshype_edition,G,espn_opening_boxscore,D'Angelo Russell,81,hoopshype_edition,G,espn_opening_boxscore,Rui Hachimura,79,hoopshype_edition,F,espn_opening_boxscore,Gabe Vincent,74,hoopshype_edition,G,espn_opening_boxscore,Cam Reddish,73,hoopshype_edition,SF,espn_opening_boxscore,Jaxson Hayes,73,hoopshype_edition,C,espn_opening_boxscore,Max Christie,73,hoopshype_edition,G,espn_opening_boxscore,Jalen Hood-Schifino,72,hoopshype_edition,G,espn_opening_boxscore,opening_night
Memphis Grizzlies,2024-25,2025,48,34,0.58536583,Ja Morant,90,hoopshype_edition,G,espn_opening_boxscore,Jaren Jackson Jr.,86,hoopshype_edition,F/C,wikipedia_season_roster,Desmond Bane,83,hoopshype_edition,G,espn_opening_boxscore,Marcus Smart,80,hoopshype_edition,G,espn_opening_boxscore,Brandon Clarke,77,hoopshype_edition,F,espn_opening_boxscore,Vince Williams Jr.,77,hoopshype_edition,G/F,wikipedia_season_roster,Luke Kennard,76,hoopshype_edition,G/F,wikipedia_season_roster,Santi Aldama,76,hoopshype_edition,F,espn_opening_boxscore,Jake LaRavia,74,hoopshype_edition,F,espn_opening_boxscore,Scotty Pippen Jr.,74,hoopshype_edition,G,espn_opening_boxscore,opening_night
Miami Heat,2024-25,2025,37,45,0.4512195,Jimmy Butler,89,hoopshype_edition,F,espn_opening_boxscore,Bam Adebayo,88,hoopshype_edition,C,espn_opening_boxscore,Tyler Herro,83,hoopshype_edition,G,espn_opening_boxscore,Terry Rozier,80,hoopshype_edition,G,espn_opening_boxscore,Jaime Jaquez Jr.,79,hoopshype_edition,F,espn_opening_boxscore,Duncan Robinson,77,hoopshype_edition,F,espn_opening_boxscore,Alec Burks,76,hoopshype_edition,SG,espn_opening_boxscore,Kevin Love,76,hoopshype_edition,F,espn_opening_boxscore,Nikola Jovic,76,hoopshype_edition,F,espn_opening_boxscore,Josh Richardson,75,hoopshype_edition,SG,espn_opening_boxscore,opening_night
Milwaukee Bucks,2024-25,2025,48,34,0.58536583,Giannis Antetokounmpo,97,hoopshype_edition,F,espn_opening_boxscore,Damian Lillard,89,hoopshype_edition,G,espn_opening_boxscore,Khris Middleton,85,hoopshype_edition,SF,hoopshype_profile_fallback,Bobby Portis,80,hoopshype_edition,F,espn_opening_boxscore,Brook Lopez,80,hoopshype_edition,C,espn_opening_boxscore,Gary Trent Jr.,78,hoopshype_edition,G,espn_opening_boxscore,Delon Wright,75,hoopshype_edition,G,espn_opening_boxscore,Taurean Prince,75,hoopshype_edition,F,espn_opening_boxscore,Pat Connaughton,74,hoopshype_edition,G,espn_opening_boxscore,Marjon Beauchamp,73,hoopshype_edition,F,espn_opening_boxscore,opening_night
Minnesota Timberwolves,2024-25,2025,49,33,0.597561,Anthony Edwards,93,hoopshype_edition,G,espn_opening_boxscore,Julius Randle,85,hoopshype_edition,F,espn_opening_boxscore,Rudy Gobert,85,hoopshype_edition,C,espn_opening_boxscore,Mike Conley,81,hoopshype_edition,G,espn_opening_boxscore,Naz Reid,81,hoopshype_edition,C,espn_opening_boxscore,Donte DiVincenzo,80,hoopshype_edition,G,espn_opening_boxscore,Jaden McDaniels,80,hoopshype_edition,F,espn_opening_boxscore,Nickeil Alexander-Walker,77,hoopshype_edition,G,espn_opening_boxscore,Joe Ingles,74,hoopshype_edition,F,espn_opening_boxscore,Rob Dillingham,72,hoopshype_edition,G,espn_opening_boxscore,opening_night
New Orleans Pelicans,2024-25,2025,21,61,0.25609756,Zion Williamson,88,hoopshype_edition,F,wikipedia_season_roster,Dejounte Murray,86,hoopshype_edition,G,espn_opening_boxscore,Brandon Ingram,85,hoopshype_edition,F,espn_opening_boxscore,CJ McCollum,84,hoopshype_edition,G,espn_opening_boxscore,Herbert Jones,82,hoopshype_edition,F,espn_opening_boxscore,Trey Murphy III,80,hoopshype_edition,F,wikipedia_season_roster,Jose Alvarado,76,hoopshype_edition,G,espn_opening_boxscore,Daniel Theis,74,hoopshype_edition,C,espn_opening_boxscore,Javonte Green,74,hoopshype_edition,G,espn_opening_boxscore,Jordan Hawkins,73,hoopshype_edition,G,espn_opening_boxscore,opening_night
New York Knicks,2024-25,2025,51,31,0.6219512,Jalen Brunson,93,hoopshype_edition,G,espn_opening_boxscore,Karl-Anthony Towns,88,hoopshype_edition,C,espn_opening_boxscore,Mikal Bridges,84,hoopshype_edition,G,espn_opening_boxscore,OG Anunoby,84,hoopshype_edition,F,espn_opening_boxscore,Josh Hart,82,hoopshype_edition,G,espn_opening_boxscore,Mitchell Robinson,80,hoopshype_edition,C,wikipedia_season_roster,Miles McBride,76,hoopshype_edition,G,espn_opening_boxscore,Cameron Payne,75,hoopshype_edition,PG,espn_opening_boxscore,Jericho Sims,72,hoopshype_edition,C,espn_opening_boxscore,Tyler Kolek,70,hoopshype_edition,G,espn_opening_boxscore,opening_night
Oklahoma City Thunder,2024-25,2025,68,14,0.8292683,Shai Gilgeous-Alexander,96,hoopshype_edition,G,espn_opening_boxscore,Chet Holmgren,87,hoopshype_edition,C,espn_opening_boxscore,Jalen Williams,86,hoopshype_edition,G,espn_opening_boxscore,Alex Caruso,82,hoopshype_edition,G,espn_opening_boxscore,Luguentz Dort,80,hoopshype_edition,G,espn_opening_boxscore,Aaron Wiggins,78,hoopshype_edition,G,espn_opening_boxscore,Isaiah Joe,78,hoopshype_edition,G,espn_opening_boxscore,Cason Wallace,76,hoopshype_edition,G,espn_opening_boxscore,Kenrich Williams,73,hoopshype_edition,G/F,wikipedia_season_roster,Ousmane Dieng,73,hoopshype_edition,F,espn_opening_boxscore,opening_night
Orlando Magic,2024-25,2025,41,41,0.5,Paolo Banchero,89,hoopshype_edition,F,espn_opening_boxscore,Franz Wagner,86,hoopshype_edition,F,espn_opening_boxscore,Jalen Suggs,82,hoopshype_edition,G,espn_opening_boxscore,Wendell Carter Jr.,80,hoopshype_edition,C,espn_opening_boxscore,Cole Anthony,78,hoopshype_edition,G,espn_opening_boxscore,Jonathan Isaac,78,hoopshype_edition,F,espn_opening_boxscore,Kentavious Caldwell-Pope,78,hoopshype_edition,G,espn_opening_boxscore,Moritz Wagner,77,hoopshype_edition,F,espn_opening_boxscore,Gary Harris,75,hoopshype_edition,G,espn_opening_boxscore,Anthony Black,74,hoopshype_edition,G,espn_opening_boxscore,opening_night
Philadelphia 76ers,2024-25,2025,24,58,0.29268292,Joel Embiid,96,hoopshype_edition,F/C,wikipedia_season_roster,Tyrese Maxey,89,hoopshype_edition,G,espn_opening_boxscore,Kelly Oubre Jr.,79,hoopshype_edition,G,espn_opening_boxscore,Andre Drummond,78,hoopshype_edition,C,espn_opening_boxscore,Reggie Jackson,78,hoopshype_edition,PG,espn_opening_boxscore,Caleb Martin,76,hoopshype_edition,F,espn_opening_boxscore,Eric Gordon,76,hoopshype_edition,G,espn_opening_boxscore,Kyle Lowry,76,hoopshype_edition,G,espn_opening_boxscore,Guerschon Yabusele,74,hoopshype_edition,F,espn_opening_boxscore,KJ Martin,74,hoopshype_edition,F,espn_opening_boxscore,opening_night
Phoenix Suns,2024-25,2025,36,46,0.4390244,Kevin Durant,94,hoopshype_edition,F,espn_opening_boxscore,Devin Booker,93,hoopshype_edition,G,espn_opening_boxscore,Bradley Beal,85,hoopshype_edition,G,espn_opening_boxscore,Jusuf Nurkic,80,hoopshype_edition,C,espn_opening_boxscore,Grayson Allen,78,hoopshype_edition,G,espn_opening_boxscore,Tyus Jones,78,hoopshype_edition,G,espn_opening_boxscore,Mason Plumlee,77,hoopshype_edition,C,espn_opening_boxscore,Bol Bol,75,hoopshype_edition,C,espn_opening_boxscore,Monte Morris,75,hoopshype_edition,PG,espn_opening_boxscore,Royce O'Neale,75,hoopshype_edition,F,espn_opening_boxscore,opening_night
Portland Trail Blazers,2024-25,2025,36,46,0.4390244,Deandre Ayton,83,hoopshype_edition,C,espn_opening_boxscore,Jerami Grant,82,hoopshype_edition,F,espn_opening_boxscore,Anfernee Simons,81,hoopshype_edition,G,espn_opening_boxscore,Deni Avdija,80,hoopshype_edition,F,espn_opening_boxscore,Robert Williams,80,hoopshype_edition,C,espn_opening_boxscore,Shaedon Sharpe,79,hoopshype_edition,G,espn_opening_boxscore,Scoot Henderson,78,hoopshype_edition,G,espn_opening_boxscore,Dalano Banton,75,hoopshype_edition,F,espn_opening_boxscore,Duop Reath,74,hoopshype_edition,C,espn_opening_boxscore,Jabari Walker,74,hoopshype_edition,F,espn_opening_boxscore,opening_night
Sacramento Kings,2024-25,2025,40,42,0.4878049,De'Aaron Fox,88,hoopshype_edition,G,espn_opening_boxscore,Domantas Sabonis,88,hoopshype_edition,F,espn_opening_boxscore,DeMar DeRozan,87,hoopshype_edition,G,espn_opening_boxscore,Keegan Murray,80,hoopshype_edition,F,espn_opening_boxscore,Malik Monk,80,hoopshype_edition,G,espn_opening_boxscore,Keon Ellis,77,hoopshype_edition,G,espn_opening_boxscore,Kevin Huerter,75,hoopshype_edition,G,espn_opening_boxscore,Trey Lyles,75,hoopshype_edition,F,espn_opening_boxscore,Jordan McLaughlin,74,hoopshype_edition,G,espn_opening_boxscore,Doug McDermott,72,hoopshype_edition,F,espn_opening_boxscore,opening_night
San Antonio Spurs,2024-25,2025,34,48,0.41463414,Victor Wembanyama,91,hoopshype_edition,F,espn_opening_boxscore,Chris Paul,81,hoopshype_edition,G,espn_opening_boxscore,Devin Vassell,81,hoopshype_edition,G/F,wikipedia_season_roster,Keldon Johnson,79,hoopshype_edition,F,espn_opening_boxscore,Tre Jones,78,hoopshype_edition,G,espn_opening_boxscore,Zach Collins,78,hoopshype_edition,F,espn_opening_boxscore,Harrison Barnes,77,hoopshype_edition,F,espn_opening_boxscore,Jeremy Sochan,77,hoopshype_edition,F,espn_opening_boxscore,Malaki Branham,75,hoopshype_edition,G,espn_opening_boxscore,Charles Bassey,73,hoopshype_edition,C,espn_opening_boxscore,opening_night
Toronto Raptors,2024-25,2025,30,52,0.36585367,Scottie Barnes,85,hoopshype_edition,F,espn_opening_boxscore,Immanuel Quickley,81,hoopshype_edition,G,espn_opening_boxscore,Jakob Poeltl,80,hoopshype_edition,C,espn_opening_boxscore,Gradey Dick,76,hoopshype_edition,G,espn_opening_boxscore,Chris Boucher,74,hoopshype_edition,F,espn_opening_boxscore,Ochai Agbaji,73,hoopshype_edition,G,espn_opening_boxscore,Davion Mitchell,72,hoopshype_edition,G,espn_opening_boxscore,Bruno Fernando,71,hoopshype_edition,F,espn_opening_boxscore,Garrett Temple,70,hoopshype_edition,G,espn_opening_boxscore,Jamal Shead,69,hoopshype_edition,G,espn_opening_boxscore,opening_night
Utah Jazz,2024-25,2025,17,65,0.20731707,Lauri Markkanen,86,hoopshype_edition,F,espn_opening_boxscore,Collin Sexton,80,hoopshype_edition,G,espn_opening_boxscore,John Collins,80,hoopshype_edition,F,espn_opening_boxscore,Walker Kessler,79,hoopshype_edition,C,espn_opening_boxscore,Jordan Clarkson,78,hoopshype_edition,G,espn_opening_boxscore,Keyonte George,78,hoopshype_edition,G,espn_opening_boxscore,Taylor Hendricks,76,hoopshype_edition,F,espn_opening_boxscore,Drew Eubanks,74,hoopshype_edition,F,espn_opening_boxscore,Brice Sensabaugh,72,hoopshype_edition,F,espn_opening_boxscore,Patty Mills,72,hoopshype_edition,PG,espn_opening_boxscore,opening_night
Washington Wizards,2024-25,2025,18,64,0.2195122,Kyle Kuzma,83,hoopshype_edition,F,espn_opening_boxscore,Jonas Valanciunas,82,hoopshype_edition,C,espn_opening_boxscore,Jordan Poole,79,hoopshype_edition,G,espn_opening_boxscore,Corey Kispert,78,hoopshype_edition,F,espn_opening_boxscore,Bilal Coulibaly,77,hoopshype_edition,G,espn_opening_boxscore,Marvin Bagley III,76,hoopshype_edition,F,espn_opening_boxscore,Richaun Holmes,74,hoopshype_edition,F,espn_opening_boxscore,Anthony Gill,72,hoopshype_edition,F,espn_opening_boxscore,Jared Butler,71,hoopshype_edition,G,espn_opening_boxscore,Justin Champagnie,71,hoopshype_edition,F,espn_opening_boxscore,opening_night
Atlanta Hawks,2025-26,2026,46,36,0.5609756,Trae Young,90,hoopshype_edition,G,espn_opening_boxscore,Kristaps Porzingis,85,hoopshype_edition,C,espn_opening_boxscore,Dyson Daniels,83,hoopshype_edition,G,espn_opening_boxscore,Jalen Johnson,81,hoopshype_edition,F,espn_opening_boxscore,Onyeka Okongwu,81,hoopshype_edition,F,espn_opening_boxscore,Zaccharie Risacher,80,hoopshype_edition,F,espn_opening_boxscore,Nickeil Alexander-Walker,78,hoopshype_edition,G,espn_opening_boxscore,Luke Kennard,75,hoopshype_edition,G,espn_opening_boxscore,Mouhamed Gueye,74,hoopshype_edition,F,espn_opening_boxscore,Vit Krejci,73,hoopshype_edition,G,espn_opening_boxscore,opening_night
Boston Celtics,2025-26,2026,56,26,0.68292683,Jayson Tatum,94,hoopshype_edition,G/F,wikipedia_season_roster,Jaylen Brown,90,hoopshype_edition,G,espn_opening_boxscore,Derrick White,87,hoopshype_edition,G,espn_opening_boxscore,Anfernee Simons,81,hoopshype_edition,G,espn_opening_boxscore,Payton Pritchard,80,hoopshype_edition,G,espn_opening_boxscore,Sam Hauser,76,hoopshype_edition,F,espn_opening_boxscore,Neemias Queta,74,hoopshype_edition,C,espn_opening_boxscore,Chris Boucher,73,hoopshype_edition,F,espn_opening_boxscore,Luka Garza,72,hoopshype_edition,C,espn_opening_boxscore,Baylor Scheierman,71,hoopshype_edition,G,espn_opening_boxscore,opening_night
Brooklyn Nets,2025-26,2026,20,62,0.24390244,Michael Porter Jr.,82,hoopshype_edition,F,espn_opening_boxscore,Cam Thomas,80,hoopshype_edition,G,espn_opening_boxscore,Nic Claxton,79,hoopshype_edition,C,espn_opening_boxscore,Terance Mann,75,hoopshype_edition,G,espn_opening_boxscore,Ziaire Williams,75,hoopshype_edition,F,espn_opening_boxscore,Day'Ron Sharpe,74,hoopshype_edition,C,espn_opening_boxscore,Jalen Wilson,74,hoopshype_edition,F,espn_opening_boxscore,Noah Clowney,73,hoopshype_edition,F,espn_opening_boxscore,Tyrese Martin,73,hoopshype_edition,G,espn_opening_boxscore,Egor Demin,72,hoopshype_edition,G,espn_opening_boxscore,opening_night
Charlotte Hornets,2025-26,2026,44,38,0.5365854,LaMelo Ball,87,hoopshype_edition,G,espn_opening_boxscore,Brandon Miller,82,hoopshype_edition,F,espn_opening_boxscore,Collin Sexton,80,hoopshype_edition,G,espn_opening_boxscore,Miles Bridges,80,hoopshype_edition,F,espn_opening_boxscore,Kon Knueppel,75,hoopshype_edition,G,espn_opening_boxscore,Mason Plumlee,75,hoopshype_edition,C,espn_opening_boxscore,Tre Mann,75,hoopshype_edition,G,espn_opening_boxscore,Grant Williams,73,hoopshype_edition,F,wikipedia_season_roster,Moussa Diabate,73,hoopshype_edition,F,espn_opening_boxscore,Pat Connaughton,72,hoopshype_edition,G,espn_opening_boxscore,opening_night
Chicago Bulls,2025-26,2026,31,51,0.37804878,Josh Giddey,82,hoopshype_edition,G,espn_opening_boxscore,Nikola Vucevic,82,hoopshype_edition,C,espn_opening_boxscore,Matas Buzelis,79,hoopshype_edition,F,espn_opening_boxscore,Ayo Dosunmu,76,hoopshype_edition,G,espn_opening_boxscore,Kevin Huerter,76,hoopshype_edition,G,espn_opening_boxscore,Tre Jones,76,hoopshype_edition,G,espn_opening_boxscore,Jalen Smith,75,hoopshype_edition,F,espn_opening_boxscore,Patrick Williams,75,hoopshype_edition,F,espn_opening_boxscore,Isaac Okoro,74,hoopshype_edition,F,espn_opening_boxscore,Jevon Carter,73,hoopshype_edition,G,espn_opening_boxscore,opening_night
Cleveland Cavaliers,2025-26,2026,52,30,0.63414633,Donovan Mitchell,93,hoopshype_edition,G,espn_opening_boxscore,Evan Mobley,89,hoopshype_edition,C,espn_opening_boxscore,Jarrett Allen,84,hoopshype_edition,C,espn_opening_boxscore,Lonzo Ball,78,hoopshype_edition,G,espn_opening_boxscore,Max Strus,77,hoopshype_edition,G/F,wikipedia_season_roster,Dean Wade,74,hoopshype_edition,F,espn_opening_boxscore,Larry Nance Jr.,74,hoopshype_edition,F,espn_opening_boxscore,Sam Merrill,74,hoopshype_edition,G,espn_opening_boxscore,Thomas Bryant,73,hoopshype_edition,C,espn_opening_boxscore,Craig Porter Jr.,72,hoopshype_edition,G,espn_opening_boxscore,opening_night
Dallas Mavericks,2025-26,2026,26,56,0.31707317,Anthony Davis,93,hoopshype_edition,F,espn_opening_boxscore,Kyrie Irving,90,hoopshype_edition,G,wikipedia_season_roster,Cooper Flagg,82,hoopshype_edition,F,espn_opening_boxscore,Daniel Gafford,80,hoopshype_edition,F/C,wikipedia_season_roster,Dereck Lively II,80,hoopshype_edition,C,espn_opening_boxscore,Klay Thompson,79,hoopshype_edition,G,espn_opening_boxscore,PJ Washington,79,hoopshype_edition,F,espn_opening_boxscore,D'Angelo Russell,78,hoopshype_edition,G,espn_opening_boxscore,Naji Marshall,78,hoopshype_edition,F,espn_opening_boxscore,Max Christie,75,hoopshype_edition,G,espn_opening_boxscore,opening_night
Denver Nuggets,2025-26,2026,54,28,0.6585366,Nikola Jokic,98,hoopshype_edition,C,espn_opening_boxscore,Jamal Murray,86,hoopshype_edition,G,espn_opening_boxscore,Cameron Johnson,83,hoopshype_edition,F,espn_opening_boxscore,Aaron Gordon,82,hoopshype_edition,F,espn_opening_boxscore,Christian Braun,80,hoopshype_edition,G,espn_opening_boxscore,Tim Hardaway Jr.,79,hoopshype_edition,G,espn_opening_boxscore,Jonas Valanciunas,78,hoopshype_edition,C,espn_opening_boxscore,Bruce Brown,76,hoopshype_edition,G,espn_opening_boxscore,Peyton Watson,75,hoopshype_edition,G,espn_opening_boxscore,Julian Strawther,74,hoopshype_edition,G,espn_opening_boxscore,opening_night
Detroit Pistons,2025-26,2026,60,22,0.73170733,Cade Cunningham,92,hoopshype_edition,G,espn_opening_boxscore,Jalen Duren,82,hoopshype_edition,C,espn_opening_boxscore,Ausar Thompson,81,hoopshype_edition,G,espn_opening_boxscore,Tobias Harris,80,hoopshype_edition,F,espn_opening_boxscore,Caris LeVert,78,hoopshype_edition,G,espn_opening_boxscore,Duncan Robinson,76,hoopshype_edition,F,espn_opening_boxscore,Isaiah Stewart,74,hoopshype_edition,F,espn_opening_boxscore,Marcus Sasser,74,hoopshype_edition,PG,hoopshype_profile_fallback,Ronald Holland II,74,hoopshype_edition,F,espn_opening_boxscore,Paul Reed,72,hoopshype_edition,F,espn_opening_boxscore,opening_night
Golden State Warriors,2025-26,2026,37,45,0.4512195,Stephen Curry,94,hoopshype_edition,G,espn_opening_boxscore,Jimmy Butler,87,hoopshype_edition,F,espn_opening_boxscore,Draymond Green,81,hoopshype_edition,F,espn_opening_boxscore,Al Horford,79,hoopshype_edition,C,espn_opening_boxscore,Brandin Podziemski,79,hoopshype_edition,G,espn_opening_boxscore,Jonathan Kuminga,78,hoopshype_edition,F,espn_opening_boxscore,Buddy Hield,77,hoopshype_edition,G,espn_opening_boxscore,Moses Moody,77,hoopshype_edition,G,wikipedia_season_roster,Gary Payton II,76,hoopshype_edition,G,espn_opening_boxscore,De'Anthony Melton,74,hoopshype_edition,G,wikipedia_season_roster,opening_night
Houston Rockets,2025-26,2026,52,30,0.63414633,Kevin Durant,93,hoopshype_edition,F,espn_opening_boxscore,Alperen Sengun,87,hoopshype_edition,C,espn_opening_boxscore,Amen Thompson,87,hoopshype_edition,G,espn_opening_boxscore,Fred VanVleet,80,hoopshype_edition,G,wikipedia_season_roster,Jabari Smith Jr.,80,hoopshype_edition,F,espn_opening_boxscore,Tari Eason,80,hoopshype_edition,F,espn_opening_boxscore,Clint Capela,77,hoopshype_edition,C,espn_opening_boxscore,Dorian Finney-Smith,77,hoopshype_edition,F,espn_opening_boxscore,Steven Adams,75,hoopshype_edition,C,espn_opening_boxscore,Josh Okogie,74,hoopshype_edition,G,espn_opening_boxscore,opening_night
Indiana Pacers,2025-26,2026,19,63,0.23170732,Tyrese Haliburton,93,hoopshype_edition,G,wikipedia_season_roster,Pascal Siakam,89,hoopshype_edition,F,espn_opening_boxscore,Aaron Nesmith,81,hoopshype_edition,G,espn_opening_boxscore,Andrew Nembhard,81,hoopshype_edition,G,espn_opening_boxscore,Obi Toppin,80,hoopshype_edition,F,espn_opening_boxscore,T.J. McConnell,80,hoopshype_edition,G,wikipedia_season_roster,Bennedict Mathurin,79,hoopshype_edition,G,espn_opening_boxscore,Jay Huff,76,hoopshype_edition,C,espn_opening_boxscore,Ben Sheppard,74,hoopshype_edition,G,espn_opening_boxscore,Isaiah Jackson,73,hoopshype_edition,F,espn_opening_boxscore,opening_night
Los Angeles Clippers,2025-26,2026,42,40,0.5121951,Kawhi Leonard,92,hoopshype_edition,F,espn_opening_boxscore,James Harden,89,hoopshype_edition,G,espn_opening_boxscore,Ivica Zubac,87,hoopshype_edition,C,espn_opening_boxscore,John Collins,82,hoopshype_edition,F,espn_opening_boxscore,Bradley Beal,80,hoopshype_edition,G,espn_opening_boxscore,Brook Lopez,80,hoopshype_edition,C,espn_opening_boxscore,Bogdan Bogdanovic,78,hoopshype_edition,G,espn_opening_boxscore,Chris Paul,78,hoopshype_edition,G,espn_opening_boxscore,Derrick Jones Jr.,76,hoopshype_edition,F,espn_opening_boxscore,Kris Dunn,76,hoopshype_edition,G,espn_opening_boxscore,opening_night
Los Angeles Lakers,2025-26,2026,53,29,0.64634144,Luka Doncic,95,hoopshype_edition,G,espn_opening_boxscore,LeBron James,94,hoopshype_edition,F,wikipedia_season_roster,Austin Reaves,85,hoopshype_edition,G,espn_opening_boxscore,Rui Hachimura,80,hoopshype_edition,F,espn_opening_boxscore,Deandre Ayton,79,hoopshype_edition,C,espn_opening_boxscore,Marcus Smart,78,hoopshype_edition,G,espn_opening_boxscore,Jarred Vanderbilt,77,hoopshype_edition,F,espn_opening_boxscore,Dalton Knecht,76,hoopshype_edition,F,espn_opening_boxscore,Jaxson Hayes,75,hoopshype_edition,C,espn_opening_boxscore,Gabe Vincent,74,hoopshype_edition,G,espn_opening_boxscore,opening_night
Memphis Grizzlies,2025-26,2026,25,57,0.30487806,Ja Morant,91,hoopshype_edition,G,espn_opening_boxscore,Jaren Jackson Jr,89,hoopshype_edition,F,espn_opening_boxscore,Zach Edey,79,hoopshype_edition,C,wikipedia_season_roster,Santi Aldama,78,hoopshype_edition,F,espn_opening_boxscore,Jaylen Wells,76,hoopshype_edition,F,espn_opening_boxscore,Kentavious Caldwell-Pope,76,hoopshype_edition,G,espn_opening_boxscore,Scotty Pippen Jr.,76,hoopshype_edition,G,wikipedia_season_roster,GG Jackson,74,hoopshype_edition,F,espn_opening_boxscore,Jock Landale,74,hoopshype_edition,C,espn_opening_boxscore,John Konchar,73,hoopshype_edition,G,espn_opening_boxscore,opening_night
Miami Heat,2025-26,2026,43,39,0.5243902,Bam Adebayo,88,hoopshype_edition,C,espn_opening_boxscore,Tyler Herro,86,hoopshype_edition,G,wikipedia_season_roster,Norman Powell,84,hoopshype_edition,G,espn_opening_boxscore,Andrew Wiggins,80,hoopshype_edition,F,espn_opening_boxscore,Kel'el Ware,79,hoopshype_edition,C,espn_opening_boxscore,Davion Mitchell,77,hoopshype_edition,G,espn_opening_boxscore,Jaime Jaquez Jr.,76,hoopshype_edition,F,espn_opening_boxscore,Nikola Jovic,75,hoopshype_edition,F,espn_opening_boxscore,Pelle Larsson,74,hoopshype_edition,G,espn_opening_boxscore,Terry Rozier,74,hoopshype_edition,G,espn_opening_boxscore,opening_night
Milwaukee Bucks,2025-26,2026,32,50,0.3902439,Giannis Antetokounmpo,97,hoopshype_edition,F,espn_opening_boxscore,Myles Turner,83,hoopshype_edition,C,espn_opening_boxscore,Bobby Portis,81,hoopshype_edition,F,espn_opening_boxscore,Cole Anthony,77,hoopshype_edition,G,espn_opening_boxscore,Gary Trent Jr.,77,hoopshype_edition,G,espn_opening_boxscore,Kyle Kuzma,77,hoopshype_edition,F,espn_opening_boxscore,Kevin Porter Jr.,76,hoopshype_edition,G,espn_opening_boxscore,Ryan Rollins,75,hoopshype_edition,G,espn_opening_boxscore,Taurean Prince,75,hoopshype_edition,F,espn_opening_boxscore,AJ Green,74,hoopshype_edition,G,espn_opening_boxscore,opening_night
Minnesota Timberwolves,2025-26,2026,49,33,0.597561,Anthony Edwards,95,hoopshype_edition,G,espn_opening_boxscore,Julius Randle,86,hoopshype_edition,F,espn_opening_boxscore,Rudy Gobert,84,hoopshype_edition,C,espn_opening_boxscore,Jaden McDaniels,82,hoopshype_edition,F,espn_opening_boxscore,Naz Reid,82,hoopshype_edition,C,espn_opening_boxscore,Donte DiVincenzo,78,hoopshype_edition,G,espn_opening_boxscore,Mike Conley,78,hoopshype_edition,G,espn_opening_boxscore,Rob Dillingham,74,hoopshype_edition,G,espn_opening_boxscore,Jaylen Clark,73,hoopshype_edition,G,espn_opening_boxscore,Joe Ingles,73,hoopshype_edition,F,espn_opening_boxscore,opening_night
New Orleans Pelicans,2025-26,2026,26,56,0.31707317,Zion Williamson,87,hoopshype_edition,F,espn_opening_boxscore,Trey Murphy III,82,hoopshype_edition,F,espn_opening_boxscore,Dejounte Murray,81,hoopshype_edition,G,wikipedia_season_roster,Herbert Jones,81,hoopshype_edition,F,espn_opening_boxscore,Jordan Poole,80,hoopshype_edition,G,espn_opening_boxscore,Yves Missi,79,hoopshype_edition,C,espn_opening_boxscore,Jose Alvarado,77,hoopshype_edition,G,espn_opening_boxscore,Karlo Matkovic,75,hoopshype_edition,F/C,wikipedia_season_roster,Saddiq Bey,75,hoopshype_edition,G,espn_opening_boxscore,Jordan Hawkins,74,hoopshype_edition,G,espn_opening_boxscore,opening_night
New York Knicks,2025-26,2026,53,29,0.64634144,Jalen Brunson,93,hoopshype_edition,G,espn_opening_boxscore,Karl-Anthony Towns,92,hoopshype_edition,C,espn_opening_boxscore,OG Anunoby,85,hoopshype_edition,F,espn_opening_boxscore,Mikal Bridges,84,hoopshype_edition,G,espn_opening_boxscore,Josh Hart,81,hoopshype_edition,G/F,wikipedia_season_roster,Jordan Clarkson,78,hoopshype_edition,G,espn_opening_boxscore,Mitchell Robinson,78,hoopshype_edition,F/C,wikipedia_season_roster,Guerschon Yabusele,77,hoopshype_edition,F,espn_opening_boxscore,Miles McBride,76,hoopshype_edition,G,espn_opening_boxscore,Landry Shamet,71,hoopshype_edition,G,espn_opening_boxscore,opening_night
Oklahoma City Thunder,2025-26,2026,64,18,0.7804878,Shai Gilgeous-Alexander,98,hoopshype_edition,G,espn_opening_boxscore,Jalen Williams,90,hoopshype_edition,F,wikipedia_season_roster,Chet Holmgren,88,hoopshype_edition,C,espn_opening_boxscore,Isaiah Hartenstein,82,hoopshype_edition,C,espn_opening_boxscore,Luguentz Dort,81,hoopshype_edition,G,espn_opening_boxscore,Alex Caruso,80,hoopshype_edition,G,espn_opening_boxscore,Cason Wallace,79,hoopshype_edition,G,espn_opening_boxscore,Isaiah Joe,78,hoopshype_edition,G,wikipedia_season_roster,Aaron Wiggins,77,hoopshype_edition,G,espn_opening_boxscore,Kenrich Williams,76,hoopshype_edition,G/F,wikipedia_season_roster,opening_night
Orlando Magic,2025-26,2026,45,37,0.5487805,Paolo Banchero,90,hoopshype_edition,F,espn_opening_boxscore,Franz Wagner,86,hoopshype_edition,F,espn_opening_boxscore,Desmond Bane,83,hoopshype_edition,G,espn_opening_boxscore,Jalen Suggs,82,hoopshype_edition,G,espn_opening_boxscore,Anthony Black,78,hoopshype_edition,G,espn_opening_boxscore,Wendell Carter Jr.,78,hoopshype_edition,C,espn_opening_boxscore,Tyus Jones,77,hoopshype_edition,G,espn_opening_boxscore,Goga Bitadze,75,hoopshype_edition,C,espn_opening_boxscore,Moritz Wagner,75,hoopshype_edition,F/C,wikipedia_season_roster,Tristan da Silva,74,hoopshype_edition,F,espn_opening_boxscore,opening_night
Philadelphia 76ers,2025-26,2026,45,37,0.5487805,Joel Embiid,92,hoopshype_edition,C,espn_opening_boxscore,Tyrese Maxey,86,hoopshype_edition,G,espn_opening_boxscore,Quentin Grimes,80,hoopshype_edition,G,espn_opening_boxscore,Kelly Oubre Jr.,78,hoopshype_edition,G,espn_opening_boxscore,Andre Drummond,76,hoopshype_edition,C,espn_opening_boxscore,VJ Edgecombe,76,hoopshype_edition,G,espn_opening_boxscore,Justin Edwards,75,hoopshype_edition,F,espn_opening_boxscore,Kyle Lowry,75,hoopshype_edition,G,espn_opening_boxscore,Adem Bona,74,hoopshype_edition,C,espn_opening_boxscore,Eric Gordon,74,hoopshype_edition,G,espn_opening_boxscore,opening_night
Phoenix Suns,2025-26,2026,45,37,0.5487805,Devin Booker,91,hoopshype_edition,G,espn_opening_boxscore,Dillon Brooks,79,hoopshype_edition,F,espn_opening_boxscore,Mark Williams,79,hoopshype_edition,C,espn_opening_boxscore,Grayson Allen,76,hoopshype_edition,G,espn_opening_boxscore,Nick Richards,76,hoopshype_edition,C,espn_opening_boxscore,Royce O'Neale,75,hoopshype_edition,F,espn_opening_boxscore,Ryan Dunn,75,hoopshype_edition,F,espn_opening_boxscore,Khaman Maluach,74,hoopshype_edition,C,espn_opening_boxscore,Jordan Goodwin,73,hoopshype_edition,G,espn_opening_boxscore,Collin Gillespie,72,hoopshype_edition,G,espn_opening_boxscore,opening_night
Portland Trail Blazers,2025-26,2026,42,40,0.5121951,Damian Lillard,88,hoopshype_edition,G,espn_opening_boxscore,Deni Avdija,82,hoopshype_edition,F,espn_opening_boxscore,Toumani Camara,82,hoopshype_edition,F,espn_opening_boxscore,Jrue Holiday,81,hoopshype_edition,G,espn_opening_boxscore,Shaedon Sharpe,81,hoopshype_edition,G,espn_opening_boxscore,Jerami Grant,79,hoopshype_edition,F,espn_opening_boxscore,Robert Williams,78,hoopshype_edition,C,espn_opening_boxscore,Scoot Henderson,78,hoopshype_edition,G,espn_opening_boxscore,Donovan Clingan,77,hoopshype_edition,C,espn_opening_boxscore,Matisse Thybulle,75,hoopshype_edition,G,espn_opening_boxscore,opening_night
Sacramento Kings,2025-26,2026,22,60,0.2682927,Domantas Sabonis,87,hoopshype_edition,F/C,wikipedia_season_roster,DeMar DeRozan,85,hoopshype_edition,G,espn_opening_boxscore,Zach LaVine,85,hoopshype_edition,G,espn_opening_boxscore,Keegan Murray,80,hoopshype_edition,F,wikipedia_season_roster,Malik Monk,80,hoopshype_edition,G,espn_opening_boxscore,Russell Westbrook,80,hoopshype_edition,G,espn_opening_boxscore,Dennis Schroder,78,hoopshype_edition,G,espn_opening_boxscore,Keon Ellis,76,hoopshype_edition,G,espn_opening_boxscore,Dario Saric,74,hoopshype_edition,F,espn_opening_boxscore,Devin Carter,74,hoopshype_edition,G,espn_opening_boxscore,opening_night
San Antonio Spurs,2025-26,2026,62,20,0.75609756,Victor Wembanyama,94,hoopshype_edition,F,espn_opening_boxscore,Stephon Castle,82,hoopshype_edition,G,espn_opening_boxscore,Devin Vassell,81,hoopshype_edition,G,espn_opening_boxscore,Dylan Harper,78,hoopshype_edition,G,espn_opening_boxscore,Harrison Barnes,78,hoopshype_edition,F,espn_opening_boxscore,Keldon Johnson,78,hoopshype_edition,F,espn_opening_boxscore,Luke Kornet,76,hoopshype_edition,C,espn_opening_boxscore,Carter Bryant,72,hoopshype_edition,F,espn_opening_boxscore,Jordan McLaughlin,72,hoopshype_edition,G,espn_opening_boxscore,Julian Champagnie,72,hoopshype_edition,F,espn_opening_boxscore,opening_night
Toronto Raptors,2025-26,2026,46,36,0.5609756,Scottie Barnes,85,hoopshype_edition,F,espn_opening_boxscore,Brandon Ingram,84,hoopshype_edition,F,espn_opening_boxscore,RJ Barrett,82,hoopshype_edition,F,espn_opening_boxscore,Immanuel Quickley,81,hoopshype_edition,G,espn_opening_boxscore,Jakob Poeltl,80,hoopshype_edition,C,espn_opening_boxscore,Gradey Dick,78,hoopshype_edition,G,espn_opening_boxscore,Sandro Mamukelashvili,75,hoopshype_edition,F,espn_opening_boxscore,Jonathan Mogbo,74,hoopshype_edition,F,espn_opening_boxscore,Jamal Shead,73,hoopshype_edition,G,espn_opening_boxscore,Ochai Agbaji,73,hoopshype_edition,G,espn_opening_boxscore,opening_night
Utah Jazz,2025-26,2026,22,60,0.2682927,Lauri Markkanen,84,hoopshype_edition,F,espn_opening_boxscore,Walker Kessler,82,hoopshype_edition,C,espn_opening_boxscore,Keyonte George,78,hoopshype_edition,G,espn_opening_boxscore,Kyle Filipowski,78,hoopshype_edition,F,espn_opening_boxscore,Ace Bailey,77,hoopshype_edition,G,espn_opening_boxscore,Jusuf Nurkic,77,hoopshype_edition,C,espn_opening_boxscore,Brice Sensabaugh,75,hoopshype_edition,F,espn_opening_boxscore,Kyle Anderson,74,hoopshype_edition,F,espn_opening_boxscore,Kevin Love,73,hoopshype_edition,F,espn_opening_boxscore,Taylor Hendricks,73,hoopshype_edition,F,espn_opening_boxscore,opening_night
Washington Wizards,2025-26,2026,17,65,0.20731707,CJ McCollum,81,hoopshype_edition,G,espn_opening_boxscore,Khris Middleton,79,hoopshype_edition,F,espn_opening_boxscore,Bilal Coulibaly,78,hoopshype_edition,G,wikipedia_season_roster,Bub Carrington,78,hoopshype_edition,G,espn_opening_boxscore,Corey Kispert,77,hoopshype_edition,F,espn_opening_boxscore,Kyshawn George,77,hoopshype_edition,F,espn_opening_boxscore,Cam Whitmore,75,hoopshype_edition,F,espn_opening_boxscore,Tre Johnson,75,hoopshype_edition,G,espn_opening_boxscore,AJ Johnson,74,hoopshype_edition,G,espn_opening_boxscore,Justin Champagnie,74,hoopshype_edition,F,espn_opening_boxscore,opening_night
